-- Convenience store dummy data insert script
-- Generated from uploaded CSV files
SET DEFINE OFF;

-- TBL_JOB
INSERT INTO TBL_JOB (job_code, job_name) VALUES (1, '점장');
INSERT INTO TBL_JOB (job_code, job_name) VALUES (2, '점원');

-- TBL_LCATEGORY
INSERT INTO TBL_LCATEGORY (lcategory_code, lcategory_name) VALUES ('LC01', '식품');
INSERT INTO TBL_LCATEGORY (lcategory_code, lcategory_name) VALUES ('LC02', '생활용품');

-- TBL_MCATEGORY
INSERT INTO TBL_MCATEGORY (mcategory_code, lcategory_code, mcategory_name) VALUES ('MC01', 'LC01', '과자');
INSERT INTO TBL_MCATEGORY (mcategory_code, lcategory_code, mcategory_name) VALUES ('MC02', 'LC01', '음료');
INSERT INTO TBL_MCATEGORY (mcategory_code, lcategory_code, mcategory_name) VALUES ('MC03', 'LC01', '라면');
INSERT INTO TBL_MCATEGORY (mcategory_code, lcategory_code, mcategory_name) VALUES ('MC04', 'LC01', '유제품');
INSERT INTO TBL_MCATEGORY (mcategory_code, lcategory_code, mcategory_name) VALUES ('MC05', 'LC01', '냉동식품');
INSERT INTO TBL_MCATEGORY (mcategory_code, lcategory_code, mcategory_name) VALUES ('MC06', 'LC02', '세제');
INSERT INTO TBL_MCATEGORY (mcategory_code, lcategory_code, mcategory_name) VALUES ('MC07', 'LC02', '욕실용품');
INSERT INTO TBL_MCATEGORY (mcategory_code, lcategory_code, mcategory_name) VALUES ('MC08', 'LC02', '주방용품');
INSERT INTO TBL_MCATEGORY (mcategory_code, lcategory_code, mcategory_name) VALUES ('MC09', 'LC02', '문구');
INSERT INTO TBL_MCATEGORY (mcategory_code, lcategory_code, mcategory_name) VALUES ('MC10', 'LC02', '생활잡화');

-- TBL_SCATEGORY
INSERT INTO TBL_SCATEGORY (scategory_code, mcategory_code, scategory_name) VALUES ('SC01', 'MC01', '초콜릿');
INSERT INTO TBL_SCATEGORY (scategory_code, mcategory_code, scategory_name) VALUES ('SC02', 'MC01', '비스킷');
INSERT INTO TBL_SCATEGORY (scategory_code, mcategory_code, scategory_name) VALUES ('SC03', 'MC01', '젤리');
INSERT INTO TBL_SCATEGORY (scategory_code, mcategory_code, scategory_name) VALUES ('SC04', 'MC01', '사탕');
INSERT INTO TBL_SCATEGORY (scategory_code, mcategory_code, scategory_name) VALUES ('SC05', 'MC01', '스낵');
INSERT INTO TBL_SCATEGORY (scategory_code, mcategory_code, scategory_name) VALUES ('SC06', 'MC02', '탄산');
INSERT INTO TBL_SCATEGORY (scategory_code, mcategory_code, scategory_name) VALUES ('SC07', 'MC02', '주스');
INSERT INTO TBL_SCATEGORY (scategory_code, mcategory_code, scategory_name) VALUES ('SC08', 'MC02', '커피');
INSERT INTO TBL_SCATEGORY (scategory_code, mcategory_code, scategory_name) VALUES ('SC09', 'MC02', '차');
INSERT INTO TBL_SCATEGORY (scategory_code, mcategory_code, scategory_name) VALUES ('SC10', 'MC02', '생수');
INSERT INTO TBL_SCATEGORY (scategory_code, mcategory_code, scategory_name) VALUES ('SC11', 'MC03', '봉지라면');
INSERT INTO TBL_SCATEGORY (scategory_code, mcategory_code, scategory_name) VALUES ('SC12', 'MC03', '컵라면');
INSERT INTO TBL_SCATEGORY (scategory_code, mcategory_code, scategory_name) VALUES ('SC13', 'MC03', '우동');
INSERT INTO TBL_SCATEGORY (scategory_code, mcategory_code, scategory_name) VALUES ('SC14', 'MC03', '짜장');
INSERT INTO TBL_SCATEGORY (scategory_code, mcategory_code, scategory_name) VALUES ('SC15', 'MC03', '짬뽕');
INSERT INTO TBL_SCATEGORY (scategory_code, mcategory_code, scategory_name) VALUES ('SC16', 'MC04', '우유');
INSERT INTO TBL_SCATEGORY (scategory_code, mcategory_code, scategory_name) VALUES ('SC17', 'MC04', '요거트');
INSERT INTO TBL_SCATEGORY (scategory_code, mcategory_code, scategory_name) VALUES ('SC18', 'MC04', '치즈');
INSERT INTO TBL_SCATEGORY (scategory_code, mcategory_code, scategory_name) VALUES ('SC19', 'MC04', '버터');
INSERT INTO TBL_SCATEGORY (scategory_code, mcategory_code, scategory_name) VALUES ('SC20', 'MC04', '생크림');
INSERT INTO TBL_SCATEGORY (scategory_code, mcategory_code, scategory_name) VALUES ('SC21', 'MC05', '만두');
INSERT INTO TBL_SCATEGORY (scategory_code, mcategory_code, scategory_name) VALUES ('SC22', 'MC05', '피자');
INSERT INTO TBL_SCATEGORY (scategory_code, mcategory_code, scategory_name) VALUES ('SC23', 'MC05', '볶음밥');
INSERT INTO TBL_SCATEGORY (scategory_code, mcategory_code, scategory_name) VALUES ('SC24', 'MC05', '돈까스');
INSERT INTO TBL_SCATEGORY (scategory_code, mcategory_code, scategory_name) VALUES ('SC25', 'MC05', '핫도그');
INSERT INTO TBL_SCATEGORY (scategory_code, mcategory_code, scategory_name) VALUES ('SC26', 'MC06', '주방세제');
INSERT INTO TBL_SCATEGORY (scategory_code, mcategory_code, scategory_name) VALUES ('SC27', 'MC06', '세탁세제');
INSERT INTO TBL_SCATEGORY (scategory_code, mcategory_code, scategory_name) VALUES ('SC28', 'MC06', '섬유유연제');
INSERT INTO TBL_SCATEGORY (scategory_code, mcategory_code, scategory_name) VALUES ('SC29', 'MC06', '표백제');
INSERT INTO TBL_SCATEGORY (scategory_code, mcategory_code, scategory_name) VALUES ('SC30', 'MC06', '청소세제');
INSERT INTO TBL_SCATEGORY (scategory_code, mcategory_code, scategory_name) VALUES ('SC31', 'MC07', '샴푸');
INSERT INTO TBL_SCATEGORY (scategory_code, mcategory_code, scategory_name) VALUES ('SC32', 'MC07', '린스');
INSERT INTO TBL_SCATEGORY (scategory_code, mcategory_code, scategory_name) VALUES ('SC33', 'MC07', '바디워시');
INSERT INTO TBL_SCATEGORY (scategory_code, mcategory_code, scategory_name) VALUES ('SC34', 'MC07', '비누');
INSERT INTO TBL_SCATEGORY (scategory_code, mcategory_code, scategory_name) VALUES ('SC35', 'MC07', '치약');
INSERT INTO TBL_SCATEGORY (scategory_code, mcategory_code, scategory_name) VALUES ('SC36', 'MC08', '랩');
INSERT INTO TBL_SCATEGORY (scategory_code, mcategory_code, scategory_name) VALUES ('SC37', 'MC08', '호일');
INSERT INTO TBL_SCATEGORY (scategory_code, mcategory_code, scategory_name) VALUES ('SC38', 'MC08', '수세미');
INSERT INTO TBL_SCATEGORY (scategory_code, mcategory_code, scategory_name) VALUES ('SC39', 'MC08', '고무장갑');
INSERT INTO TBL_SCATEGORY (scategory_code, mcategory_code, scategory_name) VALUES ('SC40', 'MC08', '행주');
INSERT INTO TBL_SCATEGORY (scategory_code, mcategory_code, scategory_name) VALUES ('SC41', 'MC09', '볼펜');
INSERT INTO TBL_SCATEGORY (scategory_code, mcategory_code, scategory_name) VALUES ('SC42', 'MC09', '노트');
INSERT INTO TBL_SCATEGORY (scategory_code, mcategory_code, scategory_name) VALUES ('SC43', 'MC09', '형광펜');
INSERT INTO TBL_SCATEGORY (scategory_code, mcategory_code, scategory_name) VALUES ('SC44', 'MC09', '지우개');
INSERT INTO TBL_SCATEGORY (scategory_code, mcategory_code, scategory_name) VALUES ('SC45', 'MC09', '파일');
INSERT INTO TBL_SCATEGORY (scategory_code, mcategory_code, scategory_name) VALUES ('SC46', 'MC10', '건전지');
INSERT INTO TBL_SCATEGORY (scategory_code, mcategory_code, scategory_name) VALUES ('SC47', 'MC10', '휴지');
INSERT INTO TBL_SCATEGORY (scategory_code, mcategory_code, scategory_name) VALUES ('SC48', 'MC10', '물티슈');
INSERT INTO TBL_SCATEGORY (scategory_code, mcategory_code, scategory_name) VALUES ('SC49', 'MC10', '마스크');
INSERT INTO TBL_SCATEGORY (scategory_code, mcategory_code, scategory_name) VALUES ('SC50', 'MC10', '종량제봉투');

-- TBL_VENDOR
INSERT INTO TBL_VENDOR (vendor_code, vendor_name, manager_name, address, phone) VALUES ('VE01', '농심', '김민수', '서울시 동작구', '02-1111-1111');
INSERT INTO TBL_VENDOR (vendor_code, vendor_name, manager_name, address, phone) VALUES ('VE02', '오뚜기', '박지훈', '경기도 안양시', '02-2222-2222');
INSERT INTO TBL_VENDOR (vendor_code, vendor_name, manager_name, address, phone) VALUES ('VE03', '롯데칠성', '이영호', '서울시 송파구', '02-3333-3333');
INSERT INTO TBL_VENDOR (vendor_code, vendor_name, manager_name, address, phone) VALUES ('VE04', '빙그레', '최수진', '경기도 남양주시', '02-4444-4444');
INSERT INTO TBL_VENDOR (vendor_code, vendor_name, manager_name, address, phone) VALUES ('VE05', 'LG생활건강', '정현우', '서울시 종로구', '02-5555-5555');
INSERT INTO TBL_VENDOR (vendor_code, vendor_name, manager_name, address, phone) VALUES ('VE06', '애경산업', '김소연', '서울시 마포구', '02-6666-6666');
INSERT INTO TBL_VENDOR (vendor_code, vendor_name, manager_name, address, phone) VALUES ('VE07', '유한킴벌리', '박민재', '충북 충주시', '02-7777-7777');
INSERT INTO TBL_VENDOR (vendor_code, vendor_name, manager_name, address, phone) VALUES ('VE08', 'CJ제일제당', '이도윤', '서울시 중구', '02-8888-8888');
INSERT INTO TBL_VENDOR (vendor_code, vendor_name, manager_name, address, phone) VALUES ('VE09', '동서식품', '강하늘', '서울시 마포구', '02-9999-9999');
INSERT INTO TBL_VENDOR (vendor_code, vendor_name, manager_name, address, phone) VALUES ('VE10', '삼양식품', '윤지아', '서울시 성북구', '02-1010-1010');

-- TBL_CUSTOMER
INSERT INTO TBL_CUSTOMER (customer_id, customer_name, phone, point, join_date) VALUES ('CU001', '비회원', '000-0000-0000', 0, TO_DATE('2000-01-01', 'YYYY-MM-DD'));
INSERT INTO TBL_CUSTOMER (customer_id, customer_name, phone, point, join_date) VALUES ('CU002', '김민준', '010-2345-6721', 1250, TO_DATE('2024-01-03', 'YYYY-MM-DD'));
INSERT INTO TBL_CUSTOMER (customer_id, customer_name, phone, point, join_date) VALUES ('CU003', '이서연', '010-3214-9812', 820, TO_DATE('2024-01-05', 'YYYY-MM-DD'));
INSERT INTO TBL_CUSTOMER (customer_id, customer_name, phone, point, join_date) VALUES ('CU004', '박지훈', '010-7812-4587', 2430, TO_DATE('2024-01-08', 'YYYY-MM-DD'));
INSERT INTO TBL_CUSTOMER (customer_id, customer_name, phone, point, join_date) VALUES ('CU005', '최수빈', '010-4412-5687', 520, TO_DATE('2024-01-11', 'YYYY-MM-DD'));
INSERT INTO TBL_CUSTOMER (customer_id, customer_name, phone, point, join_date) VALUES ('CU006', '정현우', '010-7623-1154', 1680, TO_DATE('2024-01-15', 'YYYY-MM-DD'));
INSERT INTO TBL_CUSTOMER (customer_id, customer_name, phone, point, join_date) VALUES ('CU007', '김도윤', '010-4568-1123', 730, TO_DATE('2024-01-18', 'YYYY-MM-DD'));
INSERT INTO TBL_CUSTOMER (customer_id, customer_name, phone, point, join_date) VALUES ('CU008', '한지민', '010-8452-6734', 3520, TO_DATE('2024-01-20', 'YYYY-MM-DD'));
INSERT INTO TBL_CUSTOMER (customer_id, customer_name, phone, point, join_date) VALUES ('CU009', '오민석', '010-9542-2365', 410, TO_DATE('2024-01-22', 'YYYY-MM-DD'));
INSERT INTO TBL_CUSTOMER (customer_id, customer_name, phone, point, join_date) VALUES ('CU010', '윤채원', '010-2314-8741', 980, TO_DATE('2024-01-25', 'YYYY-MM-DD'));
INSERT INTO TBL_CUSTOMER (customer_id, customer_name, phone, point, join_date) VALUES ('CU011', '장예린', '010-6671-5423', 1940, TO_DATE('2024-02-01', 'YYYY-MM-DD'));
INSERT INTO TBL_CUSTOMER (customer_id, customer_name, phone, point, join_date) VALUES ('CU012', '김태현', '010-4561-9875', 360, TO_DATE('2024-02-03', 'YYYY-MM-DD'));
INSERT INTO TBL_CUSTOMER (customer_id, customer_name, phone, point, join_date) VALUES ('CU013', '신유진', '010-9845-1145', 2870, TO_DATE('2024-02-06', 'YYYY-MM-DD'));
INSERT INTO TBL_CUSTOMER (customer_id, customer_name, phone, point, join_date) VALUES ('CU014', '조성민', '010-3458-1114', 640, TO_DATE('2024-02-10', 'YYYY-MM-DD'));
INSERT INTO TBL_CUSTOMER (customer_id, customer_name, phone, point, join_date) VALUES ('CU015', '강하은', '010-7815-2314', 1580, TO_DATE('2024-02-13', 'YYYY-MM-DD'));
INSERT INTO TBL_CUSTOMER (customer_id, customer_name, phone, point, join_date) VALUES ('CU016', '임도현', '010-6695-4412', 730, TO_DATE('2024-02-16', 'YYYY-MM-DD'));
INSERT INTO TBL_CUSTOMER (customer_id, customer_name, phone, point, join_date) VALUES ('CU017', '송예은', '010-5532-7821', 920, TO_DATE('2024-02-20', 'YYYY-MM-DD'));
INSERT INTO TBL_CUSTOMER (customer_id, customer_name, phone, point, join_date) VALUES ('CU018', '백준호', '010-6321-4152', 2160, TO_DATE('2024-02-25', 'YYYY-MM-DD'));
INSERT INTO TBL_CUSTOMER (customer_id, customer_name, phone, point, join_date) VALUES ('CU019', '홍지우', '010-8874-6523', 1180, TO_DATE('2024-03-01', 'YYYY-MM-DD'));
INSERT INTO TBL_CUSTOMER (customer_id, customer_name, phone, point, join_date) VALUES ('CU020', '노시윤', '010-4456-9832', 480, TO_DATE('2024-03-05', 'YYYY-MM-DD'));
INSERT INTO TBL_CUSTOMER (customer_id, customer_name, phone, point, join_date) VALUES ('CU021', '김하준', '010-3185-7421', 2340, TO_DATE('2024-03-08', 'YYYY-MM-DD'));
INSERT INTO TBL_CUSTOMER (customer_id, customer_name, phone, point, join_date) VALUES ('CU022', '이지안', '010-4521-8934', 560, TO_DATE('2024-03-10', 'YYYY-MM-DD'));
INSERT INTO TBL_CUSTOMER (customer_id, customer_name, phone, point, join_date) VALUES ('CU023', '박도윤', '010-6632-1458', 1720, TO_DATE('2024-03-13', 'YYYY-MM-DD'));
INSERT INTO TBL_CUSTOMER (customer_id, customer_name, phone, point, join_date) VALUES ('CU024', '최서윤', '010-9841-2256', 3120, TO_DATE('2024-03-15', 'YYYY-MM-DD'));
INSERT INTO TBL_CUSTOMER (customer_id, customer_name, phone, point, join_date) VALUES ('CU025', '정민재', '010-7752-4815', 850, TO_DATE('2024-03-18', 'YYYY-MM-DD'));
INSERT INTO TBL_CUSTOMER (customer_id, customer_name, phone, point, join_date) VALUES ('CU026', '강유나', '010-2145-7784', 2010, TO_DATE('2024-03-21', 'YYYY-MM-DD'));
INSERT INTO TBL_CUSTOMER (customer_id, customer_name, phone, point, join_date) VALUES ('CU027', '윤지호', '010-4418-2365', 390, TO_DATE('2024-03-24', 'YYYY-MM-DD'));
INSERT INTO TBL_CUSTOMER (customer_id, customer_name, phone, point, join_date) VALUES ('CU028', '송서현', '010-6625-1148', 1540, TO_DATE('2024-03-28', 'YYYY-MM-DD'));
INSERT INTO TBL_CUSTOMER (customer_id, customer_name, phone, point, join_date) VALUES ('CU029', '임시우', '010-5412-8896', 980, TO_DATE('2024-04-01', 'YYYY-MM-DD'));
INSERT INTO TBL_CUSTOMER (customer_id, customer_name, phone, point, join_date) VALUES ('CU030', '백하린', '010-8731-5421', 2860, TO_DATE('2024-04-05', 'YYYY-MM-DD'));
INSERT INTO TBL_CUSTOMER (customer_id, customer_name, phone, point, join_date) VALUES ('CU031', '오준혁', '010-3258-4421', 610, TO_DATE('2024-04-08', 'YYYY-MM-DD'));
INSERT INTO TBL_CUSTOMER (customer_id, customer_name, phone, point, join_date) VALUES ('CU032', '한유진', '010-4475-9982', 4120, TO_DATE('2024-04-10', 'YYYY-MM-DD'));
INSERT INTO TBL_CUSTOMER (customer_id, customer_name, phone, point, join_date) VALUES ('CU033', '조하람', '010-8851-2145', 760, TO_DATE('2024-04-13', 'YYYY-MM-DD'));
INSERT INTO TBL_CUSTOMER (customer_id, customer_name, phone, point, join_date) VALUES ('CU034', '신도윤', '010-6541-7785', 1940, TO_DATE('2024-04-17', 'YYYY-MM-DD'));
INSERT INTO TBL_CUSTOMER (customer_id, customer_name, phone, point, join_date) VALUES ('CU035', '문서연', '010-7315-8421', 1180, TO_DATE('2024-04-20', 'YYYY-MM-DD'));
INSERT INTO TBL_CUSTOMER (customer_id, customer_name, phone, point, join_date) VALUES ('CU036', '고태윤', '010-4158-9632', 2250, TO_DATE('2024-04-23', 'YYYY-MM-DD'));
INSERT INTO TBL_CUSTOMER (customer_id, customer_name, phone, point, join_date) VALUES ('CU037', '권예린', '010-2284-6547', 430, TO_DATE('2024-04-27', 'YYYY-MM-DD'));
INSERT INTO TBL_CUSTOMER (customer_id, customer_name, phone, point, join_date) VALUES ('CU038', '남준서', '010-9512-3341', 3540, TO_DATE('2024-05-01', 'YYYY-MM-DD'));
INSERT INTO TBL_CUSTOMER (customer_id, customer_name, phone, point, join_date) VALUES ('CU039', '양지후', '010-6628-7415', 890, TO_DATE('2024-05-04', 'YYYY-MM-DD'));
INSERT INTO TBL_CUSTOMER (customer_id, customer_name, phone, point, join_date) VALUES ('CU040', '서다은', '010-5142-8863', 1360, TO_DATE('2024-05-08', 'YYYY-MM-DD'));

-- TBL_STAFF
INSERT INTO TBL_STAFF (staff_id, staff_name, phone, hire_date, start_date, end_date, salary, job_code) VALUES ('ST01', '김성민', '010-2314-7854', TO_DATE('2022-01-03', 'YYYY-MM-DD'), TO_DATE('2026-01-01 00:00:00', 'YYYY-MM-DD HH24:MI:SS'), TO_DATE('2026-01-01 06:00:00', 'YYYY-MM-DD HH24:MI:SS'), 13000, 1);
INSERT INTO TBL_STAFF (staff_id, staff_name, phone, hire_date, start_date, end_date, salary, job_code) VALUES ('ST02', '이지훈', '010-4425-6712', TO_DATE('2023-03-15', 'YYYY-MM-DD'), TO_DATE('2026-01-01 06:00:00', 'YYYY-MM-DD HH24:MI:SS'), TO_DATE('2026-01-01 12:00:00', 'YYYY-MM-DD HH24:MI:SS'), 11000, 2);
INSERT INTO TBL_STAFF (staff_id, staff_name, phone, hire_date, start_date, end_date, salary, job_code) VALUES ('ST03', '박서연', '010-7815-3352', TO_DATE('2023-07-10', 'YYYY-MM-DD'), TO_DATE('2026-01-01 12:00:00', 'YYYY-MM-DD HH24:MI:SS'), TO_DATE('2026-01-01 18:00:00', 'YYYY-MM-DD HH24:MI:SS'), 11000, 2);
INSERT INTO TBL_STAFF (staff_id, staff_name, phone, hire_date, start_date, end_date, salary, job_code) VALUES ('ST04', '최민수', '010-9854-1267', TO_DATE('2024-02-20', 'YYYY-MM-DD'), TO_DATE('2026-01-01 18:00:00', 'YYYY-MM-DD HH24:MI:SS'), TO_DATE('2026-01-02 00:00:00', 'YYYY-MM-DD HH24:MI:SS'), 11000, 2);

-- TBL_EVENT
INSERT INTO TBL_EVENT (event_code, event_name, start_date, end_date) VALUES ('EV01', '신년 할인', TO_DATE('2026-01-01', 'YYYY-MM-DD'), TO_DATE('2026-01-10', 'YYYY-MM-DD'));
INSERT INTO TBL_EVENT (event_code, event_name, start_date, end_date) VALUES ('EV02', '설날 특가', TO_DATE('2026-02-10', 'YYYY-MM-DD'), TO_DATE('2026-02-18', 'YYYY-MM-DD'));
INSERT INTO TBL_EVENT (event_code, event_name, start_date, end_date) VALUES ('EV03', '화이트데이 행사', TO_DATE('2026-03-10', 'YYYY-MM-DD'), TO_DATE('2026-03-14', 'YYYY-MM-DD'));
INSERT INTO TBL_EVENT (event_code, event_name, start_date, end_date) VALUES ('EV04', '봄맞이 할인', TO_DATE('2026-03-20', 'YYYY-MM-DD'), TO_DATE('2026-04-05', 'YYYY-MM-DD'));
INSERT INTO TBL_EVENT (event_code, event_name, start_date, end_date) VALUES ('EV05', '가정의달 행사', TO_DATE('2026-05-01', 'YYYY-MM-DD'), TO_DATE('2026-05-31', 'YYYY-MM-DD'));
INSERT INTO TBL_EVENT (event_code, event_name, start_date, end_date) VALUES ('EV06', '여름 음료 할인', TO_DATE('2026-06-01', 'YYYY-MM-DD'), TO_DATE('2026-06-30', 'YYYY-MM-DD'));
INSERT INTO TBL_EVENT (event_code, event_name, start_date, end_date) VALUES ('EV07', '장마철 생필품 할인', TO_DATE('2026-06-15', 'YYYY-MM-DD'), TO_DATE('2026-07-15', 'YYYY-MM-DD'));
INSERT INTO TBL_EVENT (event_code, event_name, start_date, end_date) VALUES ('EV08', '여름 아이스크림 행사', TO_DATE('2026-06-20', 'YYYY-MM-DD'), TO_DATE('2026-07-31', 'YYYY-MM-DD'));
INSERT INTO TBL_EVENT (event_code, event_name, start_date, end_date) VALUES ('EV09', '7월 고객감사전', TO_DATE('2026-07-01', 'YYYY-MM-DD'), TO_DATE('2026-07-31', 'YYYY-MM-DD'));
INSERT INTO TBL_EVENT (event_code, event_name, start_date, end_date) VALUES ('EV10', '복날 보양식 행사', TO_DATE('2026-07-10', 'YYYY-MM-DD'), TO_DATE('2026-07-25', 'YYYY-MM-DD'));
INSERT INTO TBL_EVENT (event_code, event_name, start_date, end_date) VALUES ('EV11', '휴가철 할인전', TO_DATE('2026-07-20', 'YYYY-MM-DD'), TO_DATE('2026-08-20', 'YYYY-MM-DD'));
INSERT INTO TBL_EVENT (event_code, event_name, start_date, end_date) VALUES ('EV12', '광복절 특가', TO_DATE('2026-08-10', 'YYYY-MM-DD'), TO_DATE('2026-08-16', 'YYYY-MM-DD'));
INSERT INTO TBL_EVENT (event_code, event_name, start_date, end_date) VALUES ('EV13', '추석 선물세트', TO_DATE('2026-09-15', 'YYYY-MM-DD'), TO_DATE('2026-10-05', 'YYYY-MM-DD'));
INSERT INTO TBL_EVENT (event_code, event_name, start_date, end_date) VALUES ('EV14', '가을 먹거리전', TO_DATE('2026-09-20', 'YYYY-MM-DD'), TO_DATE('2026-10-20', 'YYYY-MM-DD'));
INSERT INTO TBL_EVENT (event_code, event_name, start_date, end_date) VALUES ('EV15', '핼러윈 간식전', TO_DATE('2026-10-20', 'YYYY-MM-DD'), TO_DATE('2026-10-31', 'YYYY-MM-DD'));
INSERT INTO TBL_EVENT (event_code, event_name, start_date, end_date) VALUES ('EV16', '수능 응원 행사', TO_DATE('2026-11-05', 'YYYY-MM-DD'), TO_DATE('2026-11-15', 'YYYY-MM-DD'));
INSERT INTO TBL_EVENT (event_code, event_name, start_date, end_date) VALUES ('EV17', '김장 할인전', TO_DATE('2026-11-10', 'YYYY-MM-DD'), TO_DATE('2026-11-30', 'YYYY-MM-DD'));
INSERT INTO TBL_EVENT (event_code, event_name, start_date, end_date) VALUES ('EV18', '블랙프라이데이', TO_DATE('2026-11-20', 'YYYY-MM-DD'), TO_DATE('2026-11-30', 'YYYY-MM-DD'));
INSERT INTO TBL_EVENT (event_code, event_name, start_date, end_date) VALUES ('EV19', '크리스마스 행사', TO_DATE('2026-12-10', 'YYYY-MM-DD'), TO_DATE('2026-12-25', 'YYYY-MM-DD'));
INSERT INTO TBL_EVENT (event_code, event_name, start_date, end_date) VALUES ('EV20', '연말 결산 할인', TO_DATE('2026-12-20', 'YYYY-MM-DD'), TO_DATE('2026-12-31', 'YYYY-MM-DD'));

-- TBL_EVENT_TYPE
INSERT INTO TBL_EVENT_TYPE (event_type_code, event_code, event_name, discount_amt) VALUES ('ET01', 'EV01', '1+1', 50);
INSERT INTO TBL_EVENT_TYPE (event_type_code, event_code, event_name, discount_amt) VALUES ('ET02', 'EV02', '2+1', 33);
INSERT INTO TBL_EVENT_TYPE (event_type_code, event_code, event_name, discount_amt) VALUES ('ET03', 'EV03', '20%할인', 20);
INSERT INTO TBL_EVENT_TYPE (event_type_code, event_code, event_name, discount_amt) VALUES ('ET04', 'EV04', '10%할인', 10);
INSERT INTO TBL_EVENT_TYPE (event_type_code, event_code, event_name, discount_amt) VALUES ('ET05', 'EV05', '30%할인', 30);
INSERT INTO TBL_EVENT_TYPE (event_type_code, event_code, event_name, discount_amt) VALUES ('ET06', 'EV06', '1+1', 50);
INSERT INTO TBL_EVENT_TYPE (event_type_code, event_code, event_name, discount_amt) VALUES ('ET07', 'EV07', '2+1', 33);
INSERT INTO TBL_EVENT_TYPE (event_type_code, event_code, event_name, discount_amt) VALUES ('ET08', 'EV08', '15%할인', 15);
INSERT INTO TBL_EVENT_TYPE (event_type_code, event_code, event_name, discount_amt) VALUES ('ET09', 'EV09', '5%할인', 5);
INSERT INTO TBL_EVENT_TYPE (event_type_code, event_code, event_name, discount_amt) VALUES ('ET10', 'EV10', '25%할인', 25);

-- TBL_PRODUCT
INSERT INTO TBL_PRODUCT (product_code, vendor_code, scategory_code, event_code, product_name, barcode, price) VALUES ('PR001', 'VE01', 'SC11', 'EV01', '신라면', '880100000001', 1000);
INSERT INTO TBL_PRODUCT (product_code, vendor_code, scategory_code, event_code, product_name, barcode, price) VALUES ('PR002', 'VE01', 'SC11', 'EV01', '안성탕면', '880100000002', 1000);
INSERT INTO TBL_PRODUCT (product_code, vendor_code, scategory_code, event_code, product_name, barcode, price) VALUES ('PR003', 'VE01', 'SC11', 'EV01', '짜파게티', '880100000003', 1200);
INSERT INTO TBL_PRODUCT (product_code, vendor_code, scategory_code, event_code, product_name, barcode, price) VALUES ('PR004', 'VE02', 'SC11', 'EV01', '진라면 순한맛', '880100000004', 950);
INSERT INTO TBL_PRODUCT (product_code, vendor_code, scategory_code, event_code, product_name, barcode, price) VALUES ('PR005', 'VE02', 'SC11', 'EV01', '진라면 매운맛', '880100000005', 950);
INSERT INTO TBL_PRODUCT (product_code, vendor_code, scategory_code, event_code, product_name, barcode, price) VALUES ('PR006', 'VE08', 'SC23', 'EV01', '햇반 컵반', '880100000006', 4200);
INSERT INTO TBL_PRODUCT (product_code, vendor_code, scategory_code, event_code, product_name, barcode, price) VALUES ('PR007', 'VE08', 'SC04', 'EV01', '비비고 왕교자', '880100000007', 6900);
INSERT INTO TBL_PRODUCT (product_code, vendor_code, scategory_code, event_code, product_name, barcode, price) VALUES ('PR008', 'VE08', 'SC21', 'EV01', '비비고 김치만두', '880100000008', 7200);
INSERT INTO TBL_PRODUCT (product_code, vendor_code, scategory_code, event_code, product_name, barcode, price) VALUES ('PR009', 'VE03', 'SC06', 'EV01', '칠성사이다 500ml', '880100000009', 2100);
INSERT INTO TBL_PRODUCT (product_code, vendor_code, scategory_code, event_code, product_name, barcode, price) VALUES ('PR010', 'VE03', 'SC06', 'EV01', '펩시콜라 500ml', '880100000010', 2100);
INSERT INTO TBL_PRODUCT (product_code, vendor_code, scategory_code, event_code, product_name, barcode, price) VALUES ('PR011', 'VE03', 'SC06', 'EV02', '밀키스', '880100000011', 1800);
INSERT INTO TBL_PRODUCT (product_code, vendor_code, scategory_code, event_code, product_name, barcode, price) VALUES ('PR012', 'VE03', 'SC06', 'EV02', '트레비 레몬', '880100000012', 1700);
INSERT INTO TBL_PRODUCT (product_code, vendor_code, scategory_code, event_code, product_name, barcode, price) VALUES ('PR013', 'VE03', 'SC07', 'EV02', '델몬트 오렌지주스', '880100000013', 2500);
INSERT INTO TBL_PRODUCT (product_code, vendor_code, scategory_code, event_code, product_name, barcode, price) VALUES ('PR014', 'VE04', 'SC16', 'EV02', '바나나우유', '880100000014', 1800);
INSERT INTO TBL_PRODUCT (product_code, vendor_code, scategory_code, event_code, product_name, barcode, price) VALUES ('PR015', 'VE04', 'SC16', 'EV02', '딸기우유', '880100000015', 1800);
INSERT INTO TBL_PRODUCT (product_code, vendor_code, scategory_code, event_code, product_name, barcode, price) VALUES ('PR016', 'VE04', 'SC16', 'EV02', '초코우유', '880100000016', 1800);
INSERT INTO TBL_PRODUCT (product_code, vendor_code, scategory_code, event_code, product_name, barcode, price) VALUES ('PR017', 'VE04', 'SC17', 'EV02', '요플레 플레인', '880100000017', 1500);
INSERT INTO TBL_PRODUCT (product_code, vendor_code, scategory_code, event_code, product_name, barcode, price) VALUES ('PR018', 'VE04', 'SC17', 'EV02', '요플레 딸기', '880100000018', 1500);
INSERT INTO TBL_PRODUCT (product_code, vendor_code, scategory_code, event_code, product_name, barcode, price) VALUES ('PR019', 'VE08', 'SC01', 'EV02', '초코파이', '880100000019', 4800);
INSERT INTO TBL_PRODUCT (product_code, vendor_code, scategory_code, event_code, product_name, barcode, price) VALUES ('PR020', 'VE08', 'SC01', 'EV02', '몽쉘', '880100000020', 5200);
INSERT INTO TBL_PRODUCT (product_code, vendor_code, scategory_code, event_code, product_name, barcode, price) VALUES ('PR021', 'VE08', 'SC02', 'EV03', '홈런볼', '880100000021', 1800);
INSERT INTO TBL_PRODUCT (product_code, vendor_code, scategory_code, event_code, product_name, barcode, price) VALUES ('PR022', 'VE08', 'SC05', 'EV03', '새우깡', '880100000022', 1700);
INSERT INTO TBL_PRODUCT (product_code, vendor_code, scategory_code, event_code, product_name, barcode, price) VALUES ('PR023', 'VE08', 'SC05', 'EV03', '포카칩 오리지널', '880100000023', 1800);
INSERT INTO TBL_PRODUCT (product_code, vendor_code, scategory_code, event_code, product_name, barcode, price) VALUES ('PR024', 'VE08', 'SC05', 'EV03', '포카칩 어니언', '880100000024', 1800);
INSERT INTO TBL_PRODUCT (product_code, vendor_code, scategory_code, event_code, product_name, barcode, price) VALUES ('PR025', 'VE08', 'SC05', 'EV03', '꼬깔콘', '880100000025', 1700);
INSERT INTO TBL_PRODUCT (product_code, vendor_code, scategory_code, event_code, product_name, barcode, price) VALUES ('PR026', 'VE08', 'SC05', 'EV03', '오징어집', '880100000026', 1800);
INSERT INTO TBL_PRODUCT (product_code, vendor_code, scategory_code, event_code, product_name, barcode, price) VALUES ('PR027', 'VE08', 'SC05', 'EV03', '양파링', '880100000027', 1700);
INSERT INTO TBL_PRODUCT (product_code, vendor_code, scategory_code, event_code, product_name, barcode, price) VALUES ('PR028', 'VE08', 'SC02', 'EV03', '에이스', '880100000028', 2800);
INSERT INTO TBL_PRODUCT (product_code, vendor_code, scategory_code, event_code, product_name, barcode, price) VALUES ('PR029', 'VE08', 'SC02', 'EV03', '다이제', '880100000029', 3200);
INSERT INTO TBL_PRODUCT (product_code, vendor_code, scategory_code, event_code, product_name, barcode, price) VALUES ('PR030', 'VE08', 'SC01', 'EV03', '빼빼로', '880100000030', 1800);
INSERT INTO TBL_PRODUCT (product_code, vendor_code, scategory_code, event_code, product_name, barcode, price) VALUES ('PR031', 'VE03', 'SC06', 'EV04', '코카콜라 500ml', '880100000031', 2100);
INSERT INTO TBL_PRODUCT (product_code, vendor_code, scategory_code, event_code, product_name, barcode, price) VALUES ('PR032', 'VE03', 'SC06', 'EV04', '환타 오렌지', '880100000032', 2000);
INSERT INTO TBL_PRODUCT (product_code, vendor_code, scategory_code, event_code, product_name, barcode, price) VALUES ('PR033', 'VE03', 'SC06', 'EV04', '환타 파인애플', '880100000033', 2000);
INSERT INTO TBL_PRODUCT (product_code, vendor_code, scategory_code, event_code, product_name, barcode, price) VALUES ('PR034', 'VE03', 'SC07', 'EV04', '게토레이 레몬', '880100000034', 2200);
INSERT INTO TBL_PRODUCT (product_code, vendor_code, scategory_code, event_code, product_name, barcode, price) VALUES ('PR035', 'VE03', 'SC07', 'EV04', '파워에이드 마운틴블라스트', '880100000035', 2200);
INSERT INTO TBL_PRODUCT (product_code, vendor_code, scategory_code, event_code, product_name, barcode, price) VALUES ('PR036', 'VE03', 'SC06', 'EV05', '웰치스 포도', '880100000036', 2300);
INSERT INTO TBL_PRODUCT (product_code, vendor_code, scategory_code, event_code, product_name, barcode, price) VALUES ('PR037', 'VE03', 'SC10', 'EV05', '생수 500ml', '880100000037', 1000);
INSERT INTO TBL_PRODUCT (product_code, vendor_code, scategory_code, event_code, product_name, barcode, price) VALUES ('PR038', 'VE03', 'SC10', 'EV05', '생수 2L', '880100000038', 1800);
INSERT INTO TBL_PRODUCT (product_code, vendor_code, scategory_code, event_code, product_name, barcode, price) VALUES ('PR039', 'VE03', 'SC07', 'EV05', '토레타', '880100000039', 2200);
INSERT INTO TBL_PRODUCT (product_code, vendor_code, scategory_code, event_code, product_name, barcode, price) VALUES ('PR040', 'VE03', 'SC08', 'EV05', '칸타타 아메리카노', '880100000040', 2500);
INSERT INTO TBL_PRODUCT (product_code, vendor_code, scategory_code, event_code, product_name, barcode, price) VALUES ('PR041', 'VE02', 'SC11', 'EV06', '열라면', '880100000041', 1100);
INSERT INTO TBL_PRODUCT (product_code, vendor_code, scategory_code, event_code, product_name, barcode, price) VALUES ('PR042', 'VE02', 'SC11', 'EV06', '참깨라면', '880100000042', 1200);
INSERT INTO TBL_PRODUCT (product_code, vendor_code, scategory_code, event_code, product_name, barcode, price) VALUES ('PR043', 'VE02', 'SC11', 'EV06', '스낵면', '880100000043', 1000);
INSERT INTO TBL_PRODUCT (product_code, vendor_code, scategory_code, event_code, product_name, barcode, price) VALUES ('PR044', 'VE01', 'SC11', 'EV06', '너구리', '880100000044', 1200);
INSERT INTO TBL_PRODUCT (product_code, vendor_code, scategory_code, event_code, product_name, barcode, price) VALUES ('PR045', 'VE01', 'SC12', 'EV06', '육개장 사발면', '880100000045', 1300);
INSERT INTO TBL_PRODUCT (product_code, vendor_code, scategory_code, event_code, product_name, barcode, price) VALUES ('PR046', 'VE01', 'SC12', 'EV07', '김치사발면', '880100000046', 1300);
INSERT INTO TBL_PRODUCT (product_code, vendor_code, scategory_code, event_code, product_name, barcode, price) VALUES ('PR047', 'VE08', 'SC24', 'EV07', '고메 돈까스', '880100000047', 8900);
INSERT INTO TBL_PRODUCT (product_code, vendor_code, scategory_code, event_code, product_name, barcode, price) VALUES ('PR048', 'VE08', 'SC25', 'EV07', '고메 핫도그', '880100000048', 7800);
INSERT INTO TBL_PRODUCT (product_code, vendor_code, scategory_code, event_code, product_name, barcode, price) VALUES ('PR049', 'VE08', 'SC23', 'EV07', '냉동볶음밥', '880100000049', 5900);
INSERT INTO TBL_PRODUCT (product_code, vendor_code, scategory_code, event_code, product_name, barcode, price) VALUES ('PR050', 'VE08', 'SC23', 'EV07', '냉동새우볶음밥', '880100000050', 6200);
INSERT INTO TBL_PRODUCT (product_code, vendor_code, scategory_code, event_code, product_name, barcode, price) VALUES ('PR051', 'VE05', 'SC35', 'EV08', '페리오 치약 120g', '880100000051', 3500);
INSERT INTO TBL_PRODUCT (product_code, vendor_code, scategory_code, event_code, product_name, barcode, price) VALUES ('PR052', 'VE05', 'SC35', 'EV08', '페리오 토탈7 치약', '880100000052', 4200);
INSERT INTO TBL_PRODUCT (product_code, vendor_code, scategory_code, event_code, product_name, barcode, price) VALUES ('PR053', 'VE05', 'SC35', 'EV08', '죽염 치약', '880100000053', 4500);
INSERT INTO TBL_PRODUCT (product_code, vendor_code, scategory_code, event_code, product_name, barcode, price) VALUES ('PR054', 'VE05', 'SC35', 'EV08', '2080 오리지널 치약', '880100000054', 3900);
INSERT INTO TBL_PRODUCT (product_code, vendor_code, scategory_code, event_code, product_name, barcode, price) VALUES ('PR055', 'VE05', 'SC35', 'EV08', '2080 청은차 치약', '880100000055', 4300);
INSERT INTO TBL_PRODUCT (product_code, vendor_code, scategory_code, event_code, product_name, barcode, price) VALUES ('PR056', 'VE05', 'SC35', 'EV09', '페리오 칫솔 미세모', '880100000056', 2500);
INSERT INTO TBL_PRODUCT (product_code, vendor_code, scategory_code, event_code, product_name, barcode, price) VALUES ('PR057', 'VE05', 'SC35', 'EV09', '페리오 칫솔 탄력모', '880100000057', 2500);
INSERT INTO TBL_PRODUCT (product_code, vendor_code, scategory_code, event_code, product_name, barcode, price) VALUES ('PR058', 'VE05', 'SC35', 'EV09', '2080 칫솔 슬림헤드', '880100000058', 2800);
INSERT INTO TBL_PRODUCT (product_code, vendor_code, scategory_code, event_code, product_name, barcode, price) VALUES ('PR059', 'VE05', 'SC35', 'EV09', '어린이 칫솔', '880100000059', 2200);
INSERT INTO TBL_PRODUCT (product_code, vendor_code, scategory_code, event_code, product_name, barcode, price) VALUES ('PR060', 'VE05', 'SC35', 'EV09', '치실 50m', '880100000060', 3500);
INSERT INTO TBL_PRODUCT (product_code, vendor_code, scategory_code, event_code, product_name, barcode, price) VALUES ('PR061', 'VE05', 'SC31', 'EV10', '엘라스틴 샴푸 600ml', '880100000061', 7900);
INSERT INTO TBL_PRODUCT (product_code, vendor_code, scategory_code, event_code, product_name, barcode, price) VALUES ('PR062', 'VE05', 'SC32', 'EV10', '엘라스틴 린스 600ml', '880100000062', 7900);
INSERT INTO TBL_PRODUCT (product_code, vendor_code, scategory_code, event_code, product_name, barcode, price) VALUES ('PR063', 'VE06', 'SC31', 'EV10', '케라시스 샴푸', '880100000063', 6900);
INSERT INTO TBL_PRODUCT (product_code, vendor_code, scategory_code, event_code, product_name, barcode, price) VALUES ('PR064', 'VE06', 'SC32', 'EV10', '케라시스 린스', '880100000064', 6900);
INSERT INTO TBL_PRODUCT (product_code, vendor_code, scategory_code, event_code, product_name, barcode, price) VALUES ('PR065', 'VE06', 'SC31', 'EV10', '도브 샴푸', '880100000065', 8500);
INSERT INTO TBL_PRODUCT (product_code, vendor_code, scategory_code, event_code, product_name, barcode, price) VALUES ('PR066', 'VE06', 'SC33', NULL, '도브 바디워시', '880100000066', 9900);
INSERT INTO TBL_PRODUCT (product_code, vendor_code, scategory_code, event_code, product_name, barcode, price) VALUES ('PR067', 'VE06', 'SC33', NULL, '해피바스 바디워시', '880100000067', 8900);
INSERT INTO TBL_PRODUCT (product_code, vendor_code, scategory_code, event_code, product_name, barcode, price) VALUES ('PR068', 'VE06', 'SC34', NULL, '해피바스 비누 4입', '880100000068', 5900);
INSERT INTO TBL_PRODUCT (product_code, vendor_code, scategory_code, event_code, product_name, barcode, price) VALUES ('PR069', 'VE06', 'SC34', NULL, '럭스 비누 4입', '880100000069', 5500);
INSERT INTO TBL_PRODUCT (product_code, vendor_code, scategory_code, event_code, product_name, barcode, price) VALUES ('PR070', 'VE06', 'SC34', NULL, '온더바디 비누', '880100000070', 5900);
INSERT INTO TBL_PRODUCT (product_code, vendor_code, scategory_code, event_code, product_name, barcode, price) VALUES ('PR071', 'VE05', 'SC27', NULL, '테크 액체세제 3L', '880100000071', 13900);
INSERT INTO TBL_PRODUCT (product_code, vendor_code, scategory_code, event_code, product_name, barcode, price) VALUES ('PR072', 'VE05', 'SC27', NULL, '한입 액체세제', '880100000072', 12900);
INSERT INTO TBL_PRODUCT (product_code, vendor_code, scategory_code, event_code, product_name, barcode, price) VALUES ('PR073', 'VE06', 'SC26', NULL, '트리오 주방세제', '880100000073', 3900);
INSERT INTO TBL_PRODUCT (product_code, vendor_code, scategory_code, event_code, product_name, barcode, price) VALUES ('PR074', 'VE06', 'SC26', NULL, '퐁퐁 주방세제', '880100000074', 4200);
INSERT INTO TBL_PRODUCT (product_code, vendor_code, scategory_code, event_code, product_name, barcode, price) VALUES ('PR075', 'VE06', 'SC28', NULL, '피죤 섬유유연제', '880100000075', 7900);
INSERT INTO TBL_PRODUCT (product_code, vendor_code, scategory_code, event_code, product_name, barcode, price) VALUES ('PR076', 'VE07', 'SC47', NULL, '크리넥스 화장지 30롤', '880100000076', 19900);
INSERT INTO TBL_PRODUCT (product_code, vendor_code, scategory_code, event_code, product_name, barcode, price) VALUES ('PR077', 'VE07', 'SC47', NULL, '코디 화장지 30롤', '880100000077', 18900);
INSERT INTO TBL_PRODUCT (product_code, vendor_code, scategory_code, event_code, product_name, barcode, price) VALUES ('PR078', 'VE07', 'SC47', NULL, '깨끗한나라 화장지 30롤', '880100000078', 19500);
INSERT INTO TBL_PRODUCT (product_code, vendor_code, scategory_code, event_code, product_name, barcode, price) VALUES ('PR079', 'VE07', 'SC47', NULL, '크리넥스 미용티슈 6입', '880100000079', 8900);
INSERT INTO TBL_PRODUCT (product_code, vendor_code, scategory_code, event_code, product_name, barcode, price) VALUES ('PR080', 'VE07', 'SC47', NULL, '코디 미용티슈 6입', '880100000080', 7900);
INSERT INTO TBL_PRODUCT (product_code, vendor_code, scategory_code, event_code, product_name, barcode, price) VALUES ('PR081', 'VE07', 'SC48', NULL, '물티슈 100매', '880100000081', 2500);
INSERT INTO TBL_PRODUCT (product_code, vendor_code, scategory_code, event_code, product_name, barcode, price) VALUES ('PR082', 'VE07', 'SC48', NULL, '아기 물티슈 100매', '880100000082', 3500);
INSERT INTO TBL_PRODUCT (product_code, vendor_code, scategory_code, event_code, product_name, barcode, price) VALUES ('PR083', 'VE07', 'SC47', NULL, '키친타월 6롤', '880100000083', 7900);
INSERT INTO TBL_PRODUCT (product_code, vendor_code, scategory_code, event_code, product_name, barcode, price) VALUES ('PR084', 'VE07', 'SC47', NULL, '냅킨 100매', '880100000084', 2800);
INSERT INTO TBL_PRODUCT (product_code, vendor_code, scategory_code, event_code, product_name, barcode, price) VALUES ('PR085', 'VE07', 'SC36', NULL, '롤백 200매', '880100000085', 4900);
INSERT INTO TBL_PRODUCT (product_code, vendor_code, scategory_code, event_code, product_name, barcode, price) VALUES ('PR086', 'VE06', 'SC39', NULL, '고무장갑 M', '880100000086', 2900);
INSERT INTO TBL_PRODUCT (product_code, vendor_code, scategory_code, event_code, product_name, barcode, price) VALUES ('PR087', 'VE06', 'SC39', NULL, '고무장갑 L', '880100000087', 2900);
INSERT INTO TBL_PRODUCT (product_code, vendor_code, scategory_code, event_code, product_name, barcode, price) VALUES ('PR088', 'VE06', 'SC38', NULL, '수세미 5입', '880100000088', 2500);
INSERT INTO TBL_PRODUCT (product_code, vendor_code, scategory_code, event_code, product_name, barcode, price) VALUES ('PR089', 'VE06', 'SC40', NULL, '행주 3입', '880100000089', 3900);
INSERT INTO TBL_PRODUCT (product_code, vendor_code, scategory_code, event_code, product_name, barcode, price) VALUES ('PR090', 'VE06', 'SC36', NULL, '랩 30cm', '880100000090', 4900);
INSERT INTO TBL_PRODUCT (product_code, vendor_code, scategory_code, event_code, product_name, barcode, price) VALUES ('PR091', 'VE06', 'SC37', NULL, '알루미늄 호일', '880100000091', 4200);
INSERT INTO TBL_PRODUCT (product_code, vendor_code, scategory_code, event_code, product_name, barcode, price) VALUES ('PR092', 'VE06', 'SC40', NULL, '종이컵 50개입', '880100000092', 2900);
INSERT INTO TBL_PRODUCT (product_code, vendor_code, scategory_code, event_code, product_name, barcode, price) VALUES ('PR093', 'VE06', 'SC40', NULL, '일회용 숟가락 20입', '880100000093', 2200);
INSERT INTO TBL_PRODUCT (product_code, vendor_code, scategory_code, event_code, product_name, barcode, price) VALUES ('PR094', 'VE06', 'SC40', NULL, '일회용 젓가락 20입', '880100000094', 2200);
INSERT INTO TBL_PRODUCT (product_code, vendor_code, scategory_code, event_code, product_name, barcode, price) VALUES ('PR095', 'VE06', 'SC40', NULL, '비닐봉투 중형', '880100000095', 1800);
INSERT INTO TBL_PRODUCT (product_code, vendor_code, scategory_code, event_code, product_name, barcode, price) VALUES ('PR096', 'VE06', 'SC50', NULL, '쓰레기봉투 20L', '880100000096', 5500);
INSERT INTO TBL_PRODUCT (product_code, vendor_code, scategory_code, event_code, product_name, barcode, price) VALUES ('PR097', 'VE06', 'SC50', NULL, '쓰레기봉투 50L', '880100000097', 7900);
INSERT INTO TBL_PRODUCT (product_code, vendor_code, scategory_code, event_code, product_name, barcode, price) VALUES ('PR098', 'VE06', 'SC30', NULL, '청소포 대형', '880100000098', 4900);
INSERT INTO TBL_PRODUCT (product_code, vendor_code, scategory_code, event_code, product_name, barcode, price) VALUES ('PR099', 'VE06', 'SC30', NULL, '밀대 리필포', '880100000099', 6900);
INSERT INTO TBL_PRODUCT (product_code, vendor_code, scategory_code, event_code, product_name, barcode, price) VALUES ('PR100', 'VE06', 'SC30', NULL, '변기세정제', '880100000100', 5900);

-- TBL_STOCK
INSERT INTO TBL_STOCK (stock_seq, product_code, stock_qty) VALUES (1, 'PR001', 35);
INSERT INTO TBL_STOCK (stock_seq, product_code, stock_qty) VALUES (2, 'PR002', 42);
INSERT INTO TBL_STOCK (stock_seq, product_code, stock_qty) VALUES (3, 'PR003', 18);
INSERT INTO TBL_STOCK (stock_seq, product_code, stock_qty) VALUES (4, 'PR004', 55);
INSERT INTO TBL_STOCK (stock_seq, product_code, stock_qty) VALUES (5, 'PR005', 27);
INSERT INTO TBL_STOCK (stock_seq, product_code, stock_qty) VALUES (6, 'PR006', 61);
INSERT INTO TBL_STOCK (stock_seq, product_code, stock_qty) VALUES (7, 'PR007', 24);
INSERT INTO TBL_STOCK (stock_seq, product_code, stock_qty) VALUES (8, 'PR008', 39);
INSERT INTO TBL_STOCK (stock_seq, product_code, stock_qty) VALUES (9, 'PR009', 48);
INSERT INTO TBL_STOCK (stock_seq, product_code, stock_qty) VALUES (10, 'PR010', 33);
INSERT INTO TBL_STOCK (stock_seq, product_code, stock_qty) VALUES (11, 'PR011', 20);
INSERT INTO TBL_STOCK (stock_seq, product_code, stock_qty) VALUES (12, 'PR012', 46);
INSERT INTO TBL_STOCK (stock_seq, product_code, stock_qty) VALUES (13, 'PR013', 52);
INSERT INTO TBL_STOCK (stock_seq, product_code, stock_qty) VALUES (14, 'PR014', 28);
INSERT INTO TBL_STOCK (stock_seq, product_code, stock_qty) VALUES (15, 'PR015', 67);
INSERT INTO TBL_STOCK (stock_seq, product_code, stock_qty) VALUES (16, 'PR016', 30);
INSERT INTO TBL_STOCK (stock_seq, product_code, stock_qty) VALUES (17, 'PR017', 21);
INSERT INTO TBL_STOCK (stock_seq, product_code, stock_qty) VALUES (18, 'PR018', 43);
INSERT INTO TBL_STOCK (stock_seq, product_code, stock_qty) VALUES (19, 'PR019', 37);
INSERT INTO TBL_STOCK (stock_seq, product_code, stock_qty) VALUES (20, 'PR020', 25);
INSERT INTO TBL_STOCK (stock_seq, product_code, stock_qty) VALUES (21, 'PR021', 40);
INSERT INTO TBL_STOCK (stock_seq, product_code, stock_qty) VALUES (22, 'PR022', 31);
INSERT INTO TBL_STOCK (stock_seq, product_code, stock_qty) VALUES (23, 'PR023', 22);
INSERT INTO TBL_STOCK (stock_seq, product_code, stock_qty) VALUES (24, 'PR024', 59);
INSERT INTO TBL_STOCK (stock_seq, product_code, stock_qty) VALUES (25, 'PR025', 34);
INSERT INTO TBL_STOCK (stock_seq, product_code, stock_qty) VALUES (26, 'PR026', 18);
INSERT INTO TBL_STOCK (stock_seq, product_code, stock_qty) VALUES (27, 'PR027', 45);
INSERT INTO TBL_STOCK (stock_seq, product_code, stock_qty) VALUES (28, 'PR028', 53);
INSERT INTO TBL_STOCK (stock_seq, product_code, stock_qty) VALUES (29, 'PR029', 29);
INSERT INTO TBL_STOCK (stock_seq, product_code, stock_qty) VALUES (30, 'PR030', 60);
INSERT INTO TBL_STOCK (stock_seq, product_code, stock_qty) VALUES (31, 'PR031', 36);
INSERT INTO TBL_STOCK (stock_seq, product_code, stock_qty) VALUES (32, 'PR032', 42);
INSERT INTO TBL_STOCK (stock_seq, product_code, stock_qty) VALUES (33, 'PR033', 23);
INSERT INTO TBL_STOCK (stock_seq, product_code, stock_qty) VALUES (34, 'PR034', 50);
INSERT INTO TBL_STOCK (stock_seq, product_code, stock_qty) VALUES (35, 'PR035', 38);
INSERT INTO TBL_STOCK (stock_seq, product_code, stock_qty) VALUES (36, 'PR036', 19);
INSERT INTO TBL_STOCK (stock_seq, product_code, stock_qty) VALUES (37, 'PR037', 44);
INSERT INTO TBL_STOCK (stock_seq, product_code, stock_qty) VALUES (38, 'PR038', 62);
INSERT INTO TBL_STOCK (stock_seq, product_code, stock_qty) VALUES (39, 'PR039', 26);
INSERT INTO TBL_STOCK (stock_seq, product_code, stock_qty) VALUES (40, 'PR040', 31);
INSERT INTO TBL_STOCK (stock_seq, product_code, stock_qty) VALUES (41, 'PR041', 47);
INSERT INTO TBL_STOCK (stock_seq, product_code, stock_qty) VALUES (42, 'PR042', 35);
INSERT INTO TBL_STOCK (stock_seq, product_code, stock_qty) VALUES (43, 'PR043', 28);
INSERT INTO TBL_STOCK (stock_seq, product_code, stock_qty) VALUES (44, 'PR044', 41);
INSERT INTO TBL_STOCK (stock_seq, product_code, stock_qty) VALUES (45, 'PR045', 54);
INSERT INTO TBL_STOCK (stock_seq, product_code, stock_qty) VALUES (46, 'PR046', 33);
INSERT INTO TBL_STOCK (stock_seq, product_code, stock_qty) VALUES (47, 'PR047', 22);
INSERT INTO TBL_STOCK (stock_seq, product_code, stock_qty) VALUES (48, 'PR048', 56);
INSERT INTO TBL_STOCK (stock_seq, product_code, stock_qty) VALUES (49, 'PR049', 30);
INSERT INTO TBL_STOCK (stock_seq, product_code, stock_qty) VALUES (50, 'PR050', 39);
INSERT INTO TBL_STOCK (stock_seq, product_code, stock_qty) VALUES (51, 'PR051', 48);
INSERT INTO TBL_STOCK (stock_seq, product_code, stock_qty) VALUES (52, 'PR052', 25);
INSERT INTO TBL_STOCK (stock_seq, product_code, stock_qty) VALUES (53, 'PR053', 60);
INSERT INTO TBL_STOCK (stock_seq, product_code, stock_qty) VALUES (54, 'PR054', 34);
INSERT INTO TBL_STOCK (stock_seq, product_code, stock_qty) VALUES (55, 'PR055', 18);
INSERT INTO TBL_STOCK (stock_seq, product_code, stock_qty) VALUES (56, 'PR056', 43);
INSERT INTO TBL_STOCK (stock_seq, product_code, stock_qty) VALUES (57, 'PR057', 52);
INSERT INTO TBL_STOCK (stock_seq, product_code, stock_qty) VALUES (58, 'PR058', 27);
INSERT INTO TBL_STOCK (stock_seq, product_code, stock_qty) VALUES (59, 'PR059', 46);
INSERT INTO TBL_STOCK (stock_seq, product_code, stock_qty) VALUES (60, 'PR060', 32);
INSERT INTO TBL_STOCK (stock_seq, product_code, stock_qty) VALUES (61, 'PR061', 21);
INSERT INTO TBL_STOCK (stock_seq, product_code, stock_qty) VALUES (62, 'PR062', 40);
INSERT INTO TBL_STOCK (stock_seq, product_code, stock_qty) VALUES (63, 'PR063', 37);
INSERT INTO TBL_STOCK (stock_seq, product_code, stock_qty) VALUES (64, 'PR064', 55);
INSERT INTO TBL_STOCK (stock_seq, product_code, stock_qty) VALUES (65, 'PR065', 29);
INSERT INTO TBL_STOCK (stock_seq, product_code, stock_qty) VALUES (66, 'PR066', 44);
INSERT INTO TBL_STOCK (stock_seq, product_code, stock_qty) VALUES (67, 'PR067', 33);
INSERT INTO TBL_STOCK (stock_seq, product_code, stock_qty) VALUES (68, 'PR068', 26);
INSERT INTO TBL_STOCK (stock_seq, product_code, stock_qty) VALUES (69, 'PR069', 58);
INSERT INTO TBL_STOCK (stock_seq, product_code, stock_qty) VALUES (70, 'PR070', 35);
INSERT INTO TBL_STOCK (stock_seq, product_code, stock_qty) VALUES (71, 'PR071', 24);
INSERT INTO TBL_STOCK (stock_seq, product_code, stock_qty) VALUES (72, 'PR072', 49);
INSERT INTO TBL_STOCK (stock_seq, product_code, stock_qty) VALUES (73, 'PR073', 31);
INSERT INTO TBL_STOCK (stock_seq, product_code, stock_qty) VALUES (74, 'PR074', 42);
INSERT INTO TBL_STOCK (stock_seq, product_code, stock_qty) VALUES (75, 'PR075', 53);
INSERT INTO TBL_STOCK (stock_seq, product_code, stock_qty) VALUES (76, 'PR076', 20);
INSERT INTO TBL_STOCK (stock_seq, product_code, stock_qty) VALUES (77, 'PR077', 36);
INSERT INTO TBL_STOCK (stock_seq, product_code, stock_qty) VALUES (78, 'PR078', 47);
INSERT INTO TBL_STOCK (stock_seq, product_code, stock_qty) VALUES (79, 'PR079', 28);
INSERT INTO TBL_STOCK (stock_seq, product_code, stock_qty) VALUES (80, 'PR080', 39);
INSERT INTO TBL_STOCK (stock_seq, product_code, stock_qty) VALUES (81, 'PR081', 54);
INSERT INTO TBL_STOCK (stock_seq, product_code, stock_qty) VALUES (82, 'PR082', 30);
INSERT INTO TBL_STOCK (stock_seq, product_code, stock_qty) VALUES (83, 'PR083', 22);
INSERT INTO TBL_STOCK (stock_seq, product_code, stock_qty) VALUES (84, 'PR084', 45);
INSERT INTO TBL_STOCK (stock_seq, product_code, stock_qty) VALUES (85, 'PR085', 57);
INSERT INTO TBL_STOCK (stock_seq, product_code, stock_qty) VALUES (86, 'PR086', 34);
INSERT INTO TBL_STOCK (stock_seq, product_code, stock_qty) VALUES (87, 'PR087', 25);
INSERT INTO TBL_STOCK (stock_seq, product_code, stock_qty) VALUES (88, 'PR088', 41);
INSERT INTO TBL_STOCK (stock_seq, product_code, stock_qty) VALUES (89, 'PR089', 50);
INSERT INTO TBL_STOCK (stock_seq, product_code, stock_qty) VALUES (90, 'PR090', 27);
INSERT INTO TBL_STOCK (stock_seq, product_code, stock_qty) VALUES (91, 'PR091', 38);
INSERT INTO TBL_STOCK (stock_seq, product_code, stock_qty) VALUES (92, 'PR092', 60);
INSERT INTO TBL_STOCK (stock_seq, product_code, stock_qty) VALUES (93, 'PR093', 29);
INSERT INTO TBL_STOCK (stock_seq, product_code, stock_qty) VALUES (94, 'PR094', 44);
INSERT INTO TBL_STOCK (stock_seq, product_code, stock_qty) VALUES (95, 'PR095', 32);
INSERT INTO TBL_STOCK (stock_seq, product_code, stock_qty) VALUES (96, 'PR096', 19);
INSERT INTO TBL_STOCK (stock_seq, product_code, stock_qty) VALUES (97, 'PR097', 48);
INSERT INTO TBL_STOCK (stock_seq, product_code, stock_qty) VALUES (98, 'PR098', 35);
INSERT INTO TBL_STOCK (stock_seq, product_code, stock_qty) VALUES (99, 'PR099', 23);
INSERT INTO TBL_STOCK (stock_seq, product_code, stock_qty) VALUES (100, 'PR100', 52);

-- TBL_STOCK_DETAIL
INSERT INTO TBL_STOCK_DETAIL (stock_detail_code, stock_date, stock_type, qty, bigo, expiry_date, staff_id, stock_seq, product_code) VALUES ('SD01', TO_DATE('2026-01-02 09:10:00', 'YYYY-MM-DD HH24:MI:SS'), '입고', 30, '초기입고', TO_DATE('2026-07-02', 'YYYY-MM-DD'), 'ST02', 1, 'PR001');
INSERT INTO TBL_STOCK_DETAIL (stock_detail_code, stock_date, stock_type, qty, bigo, expiry_date, staff_id, stock_seq, product_code) VALUES ('SD02', TO_DATE('2026-01-02 09:15:00', 'YYYY-MM-DD HH24:MI:SS'), '입고', 25, '초기입고', TO_DATE('2026-07-03', 'YYYY-MM-DD'), 'ST02', 2, 'PR002');
INSERT INTO TBL_STOCK_DETAIL (stock_detail_code, stock_date, stock_type, qty, bigo, expiry_date, staff_id, stock_seq, product_code) VALUES ('SD03', TO_DATE('2026-01-02 09:20:00', 'YYYY-MM-DD HH24:MI:SS'), '입고', 40, '초기입고', TO_DATE('2026-07-04', 'YYYY-MM-DD'), 'ST02', 3, 'PR003');
INSERT INTO TBL_STOCK_DETAIL (stock_detail_code, stock_date, stock_type, qty, bigo, expiry_date, staff_id, stock_seq, product_code) VALUES ('SD04', TO_DATE('2026-01-02 09:25:00', 'YYYY-MM-DD HH24:MI:SS'), '입고', 35, '초기입고', TO_DATE('2026-07-05', 'YYYY-MM-DD'), 'ST02', 4, 'PR004');
INSERT INTO TBL_STOCK_DETAIL (stock_detail_code, stock_date, stock_type, qty, bigo, expiry_date, staff_id, stock_seq, product_code) VALUES ('SD05', TO_DATE('2026-01-02 09:30:00', 'YYYY-MM-DD HH24:MI:SS'), '입고', 20, '초기입고', TO_DATE('2026-07-06', 'YYYY-MM-DD'), 'ST02', 5, 'PR005');
INSERT INTO TBL_STOCK_DETAIL (stock_detail_code, stock_date, stock_type, qty, bigo, expiry_date, staff_id, stock_seq, product_code) VALUES ('SD06', TO_DATE('2026-01-03 10:10:00', 'YYYY-MM-DD HH24:MI:SS'), '출고', 2, '판매출고', NULL, 'ST02', 6, 'PR006');
INSERT INTO TBL_STOCK_DETAIL (stock_detail_code, stock_date, stock_type, qty, bigo, expiry_date, staff_id, stock_seq, product_code) VALUES ('SD07', TO_DATE('2026-01-03 10:15:00', 'YYYY-MM-DD HH24:MI:SS'), '출고', 1, '판매출고', NULL, 'ST02', 7, 'PR007');
INSERT INTO TBL_STOCK_DETAIL (stock_detail_code, stock_date, stock_type, qty, bigo, expiry_date, staff_id, stock_seq, product_code) VALUES ('SD08', TO_DATE('2026-01-03 10:20:00', 'YYYY-MM-DD HH24:MI:SS'), '출고', 3, '판매출고', NULL, 'ST02', 8, 'PR008');
INSERT INTO TBL_STOCK_DETAIL (stock_detail_code, stock_date, stock_type, qty, bigo, expiry_date, staff_id, stock_seq, product_code) VALUES ('SD09', TO_DATE('2026-01-03 10:30:00', 'YYYY-MM-DD HH24:MI:SS'), '입고', 15, '추가입고', TO_DATE('2026-08-01', 'YYYY-MM-DD'), 'ST02', 9, 'PR009');
INSERT INTO TBL_STOCK_DETAIL (stock_detail_code, stock_date, stock_type, qty, bigo, expiry_date, staff_id, stock_seq, product_code) VALUES ('SD10', TO_DATE('2026-01-03 10:40:00', 'YYYY-MM-DD HH24:MI:SS'), '입고', 20, '추가입고', TO_DATE('2026-08-02', 'YYYY-MM-DD'), 'ST02', 10, 'PR010');
INSERT INTO TBL_STOCK_DETAIL (stock_detail_code, stock_date, stock_type, qty, bigo, expiry_date, staff_id, stock_seq, product_code) VALUES ('SD11', TO_DATE('2026-01-04 09:20:00', 'YYYY-MM-DD HH24:MI:SS'), '출고', 4, '판매출고', NULL, 'ST02', 11, 'PR011');
INSERT INTO TBL_STOCK_DETAIL (stock_detail_code, stock_date, stock_type, qty, bigo, expiry_date, staff_id, stock_seq, product_code) VALUES ('SD12', TO_DATE('2026-01-04 09:30:00', 'YYYY-MM-DD HH24:MI:SS'), '입고', 18, '추가입고', TO_DATE('2026-08-05', 'YYYY-MM-DD'), 'ST02', 12, 'PR012');
INSERT INTO TBL_STOCK_DETAIL (stock_detail_code, stock_date, stock_type, qty, bigo, expiry_date, staff_id, stock_seq, product_code) VALUES ('SD13', TO_DATE('2026-01-04 09:40:00', 'YYYY-MM-DD HH24:MI:SS'), '출고', 2, '판매출고', NULL, 'ST02', 13, 'PR013');
INSERT INTO TBL_STOCK_DETAIL (stock_detail_code, stock_date, stock_type, qty, bigo, expiry_date, staff_id, stock_seq, product_code) VALUES ('SD14', TO_DATE('2026-01-04 09:50:00', 'YYYY-MM-DD HH24:MI:SS'), '입고', 25, '추가입고', TO_DATE('2026-08-08', 'YYYY-MM-DD'), 'ST02', 14, 'PR014');
INSERT INTO TBL_STOCK_DETAIL (stock_detail_code, stock_date, stock_type, qty, bigo, expiry_date, staff_id, stock_seq, product_code) VALUES ('SD15', TO_DATE('2026-01-04 10:00:00', 'YYYY-MM-DD HH24:MI:SS'), '출고', 5, '판매출고', NULL, 'ST02', 15, 'PR015');
INSERT INTO TBL_STOCK_DETAIL (stock_detail_code, stock_date, stock_type, qty, bigo, expiry_date, staff_id, stock_seq, product_code) VALUES ('SD16', TO_DATE('2026-01-05 09:00:00', 'YYYY-MM-DD HH24:MI:SS'), '입고', 22, '추가입고', TO_DATE('2026-08-10', 'YYYY-MM-DD'), 'ST02', 16, 'PR016');
INSERT INTO TBL_STOCK_DETAIL (stock_detail_code, stock_date, stock_type, qty, bigo, expiry_date, staff_id, stock_seq, product_code) VALUES ('SD17', TO_DATE('2026-01-05 09:10:00', 'YYYY-MM-DD HH24:MI:SS'), '출고', 3, '판매출고', NULL, 'ST02', 17, 'PR017');
INSERT INTO TBL_STOCK_DETAIL (stock_detail_code, stock_date, stock_type, qty, bigo, expiry_date, staff_id, stock_seq, product_code) VALUES ('SD18', TO_DATE('2026-01-05 09:20:00', 'YYYY-MM-DD HH24:MI:SS'), '입고', 28, '추가입고', TO_DATE('2026-08-12', 'YYYY-MM-DD'), 'ST02', 18, 'PR018');
INSERT INTO TBL_STOCK_DETAIL (stock_detail_code, stock_date, stock_type, qty, bigo, expiry_date, staff_id, stock_seq, product_code) VALUES ('SD19', TO_DATE('2026-01-05 09:30:00', 'YYYY-MM-DD HH24:MI:SS'), '출고', 2, '판매출고', NULL, 'ST02', 19, 'PR019');
INSERT INTO TBL_STOCK_DETAIL (stock_detail_code, stock_date, stock_type, qty, bigo, expiry_date, staff_id, stock_seq, product_code) VALUES ('SD20', TO_DATE('2026-01-05 09:40:00', 'YYYY-MM-DD HH24:MI:SS'), '입고', 30, '추가입고', TO_DATE('2026-08-15', 'YYYY-MM-DD'), 'ST02', 20, 'PR020');
INSERT INTO TBL_STOCK_DETAIL (stock_detail_code, stock_date, stock_type, qty, bigo, expiry_date, staff_id, stock_seq, product_code) VALUES ('SD21', TO_DATE('2026-01-06 09:10:00', 'YYYY-MM-DD HH24:MI:SS'), '출고', 1, '판매출고', NULL, 'ST02', 21, 'PR021');
INSERT INTO TBL_STOCK_DETAIL (stock_detail_code, stock_date, stock_type, qty, bigo, expiry_date, staff_id, stock_seq, product_code) VALUES ('SD22', TO_DATE('2026-01-06 09:20:00', 'YYYY-MM-DD HH24:MI:SS'), '입고', 24, '추가입고', TO_DATE('2026-08-18', 'YYYY-MM-DD'), 'ST02', 22, 'PR022');
INSERT INTO TBL_STOCK_DETAIL (stock_detail_code, stock_date, stock_type, qty, bigo, expiry_date, staff_id, stock_seq, product_code) VALUES ('SD23', TO_DATE('2026-01-06 09:30:00', 'YYYY-MM-DD HH24:MI:SS'), '출고', 2, '판매출고', NULL, 'ST02', 23, 'PR023');
INSERT INTO TBL_STOCK_DETAIL (stock_detail_code, stock_date, stock_type, qty, bigo, expiry_date, staff_id, stock_seq, product_code) VALUES ('SD24', TO_DATE('2026-01-06 09:40:00', 'YYYY-MM-DD HH24:MI:SS'), '입고', 18, '추가입고', TO_DATE('2026-08-20', 'YYYY-MM-DD'), 'ST02', 24, 'PR024');
INSERT INTO TBL_STOCK_DETAIL (stock_detail_code, stock_date, stock_type, qty, bigo, expiry_date, staff_id, stock_seq, product_code) VALUES ('SD25', TO_DATE('2026-01-06 09:50:00', 'YYYY-MM-DD HH24:MI:SS'), '출고', 4, '판매출고', NULL, 'ST02', 25, 'PR025');
INSERT INTO TBL_STOCK_DETAIL (stock_detail_code, stock_date, stock_type, qty, bigo, expiry_date, staff_id, stock_seq, product_code) VALUES ('SD026', TO_DATE('2026-01-07 09:00:00', 'YYYY-MM-DD HH24:MI:SS'), '입고', 20, '정기입고', TO_DATE('2026-08-21', 'YYYY-MM-DD'), 'ST02', 26, 'PR026');
INSERT INTO TBL_STOCK_DETAIL (stock_detail_code, stock_date, stock_type, qty, bigo, expiry_date, staff_id, stock_seq, product_code) VALUES ('SD027', TO_DATE('2026-01-07 09:20:00', 'YYYY-MM-DD HH24:MI:SS'), '출고', 2, '판매출고', NULL, 'ST02', 27, 'PR027');
INSERT INTO TBL_STOCK_DETAIL (stock_detail_code, stock_date, stock_type, qty, bigo, expiry_date, staff_id, stock_seq, product_code) VALUES ('SD028', TO_DATE('2026-01-07 09:40:00', 'YYYY-MM-DD HH24:MI:SS'), '입고', 18, '정기입고', TO_DATE('2026-08-22', 'YYYY-MM-DD'), 'ST02', 28, 'PR028');
INSERT INTO TBL_STOCK_DETAIL (stock_detail_code, stock_date, stock_type, qty, bigo, expiry_date, staff_id, stock_seq, product_code) VALUES ('SD029', TO_DATE('2026-01-07 10:00:00', 'YYYY-MM-DD HH24:MI:SS'), '출고', 1, '판매출고', NULL, 'ST02', 29, 'PR029');
INSERT INTO TBL_STOCK_DETAIL (stock_detail_code, stock_date, stock_type, qty, bigo, expiry_date, staff_id, stock_seq, product_code) VALUES ('SD030', TO_DATE('2026-01-07 10:20:00', 'YYYY-MM-DD HH24:MI:SS'), '입고', 24, '정기입고', TO_DATE('2026-08-23', 'YYYY-MM-DD'), 'ST02', 30, 'PR030');
INSERT INTO TBL_STOCK_DETAIL (stock_detail_code, stock_date, stock_type, qty, bigo, expiry_date, staff_id, stock_seq, product_code) VALUES ('SD031', TO_DATE('2026-01-08 09:10:00', 'YYYY-MM-DD HH24:MI:SS'), '입고', 30, '정기입고', TO_DATE('2026-08-24', 'YYYY-MM-DD'), 'ST02', 31, 'PR031');
INSERT INTO TBL_STOCK_DETAIL (stock_detail_code, stock_date, stock_type, qty, bigo, expiry_date, staff_id, stock_seq, product_code) VALUES ('SD032', TO_DATE('2026-01-08 09:30:00', 'YYYY-MM-DD HH24:MI:SS'), '출고', 3, '판매출고', NULL, 'ST02', 32, 'PR032');
INSERT INTO TBL_STOCK_DETAIL (stock_detail_code, stock_date, stock_type, qty, bigo, expiry_date, staff_id, stock_seq, product_code) VALUES ('SD033', TO_DATE('2026-01-08 09:50:00', 'YYYY-MM-DD HH24:MI:SS'), '입고', 22, '정기입고', TO_DATE('2026-08-25', 'YYYY-MM-DD'), 'ST02', 33, 'PR033');
INSERT INTO TBL_STOCK_DETAIL (stock_detail_code, stock_date, stock_type, qty, bigo, expiry_date, staff_id, stock_seq, product_code) VALUES ('SD034', TO_DATE('2026-01-08 10:10:00', 'YYYY-MM-DD HH24:MI:SS'), '출고', 2, '판매출고', NULL, 'ST02', 34, 'PR034');
INSERT INTO TBL_STOCK_DETAIL (stock_detail_code, stock_date, stock_type, qty, bigo, expiry_date, staff_id, stock_seq, product_code) VALUES ('SD035', TO_DATE('2026-01-08 10:30:00', 'YYYY-MM-DD HH24:MI:SS'), '입고', 35, '정기입고', TO_DATE('2026-08-26', 'YYYY-MM-DD'), 'ST02', 35, 'PR035');
INSERT INTO TBL_STOCK_DETAIL (stock_detail_code, stock_date, stock_type, qty, bigo, expiry_date, staff_id, stock_seq, product_code) VALUES ('SD036', TO_DATE('2026-01-09 09:00:00', 'YYYY-MM-DD HH24:MI:SS'), '출고', 4, '판매출고', NULL, 'ST02', 36, 'PR036');
INSERT INTO TBL_STOCK_DETAIL (stock_detail_code, stock_date, stock_type, qty, bigo, expiry_date, staff_id, stock_seq, product_code) VALUES ('SD037', TO_DATE('2026-01-09 09:20:00', 'YYYY-MM-DD HH24:MI:SS'), '입고', 28, '정기입고', TO_DATE('2026-08-27', 'YYYY-MM-DD'), 'ST02', 37, 'PR037');
INSERT INTO TBL_STOCK_DETAIL (stock_detail_code, stock_date, stock_type, qty, bigo, expiry_date, staff_id, stock_seq, product_code) VALUES ('SD038', TO_DATE('2026-01-09 09:40:00', 'YYYY-MM-DD HH24:MI:SS'), '출고', 1, '판매출고', NULL, 'ST02', 38, 'PR038');
INSERT INTO TBL_STOCK_DETAIL (stock_detail_code, stock_date, stock_type, qty, bigo, expiry_date, staff_id, stock_seq, product_code) VALUES ('SD039', TO_DATE('2026-01-09 10:00:00', 'YYYY-MM-DD HH24:MI:SS'), '입고', 16, '정기입고', TO_DATE('2026-08-28', 'YYYY-MM-DD'), 'ST02', 39, 'PR039');
INSERT INTO TBL_STOCK_DETAIL (stock_detail_code, stock_date, stock_type, qty, bigo, expiry_date, staff_id, stock_seq, product_code) VALUES ('SD040', TO_DATE('2026-01-09 10:20:00', 'YYYY-MM-DD HH24:MI:SS'), '출고', 5, '판매출고', NULL, 'ST02', 40, 'PR040');
INSERT INTO TBL_STOCK_DETAIL (stock_detail_code, stock_date, stock_type, qty, bigo, expiry_date, staff_id, stock_seq, product_code) VALUES ('SD041', TO_DATE('2026-01-10 09:10:00', 'YYYY-MM-DD HH24:MI:SS'), '입고', 20, '정기입고', TO_DATE('2026-08-29', 'YYYY-MM-DD'), 'ST02', 41, 'PR041');
INSERT INTO TBL_STOCK_DETAIL (stock_detail_code, stock_date, stock_type, qty, bigo, expiry_date, staff_id, stock_seq, product_code) VALUES ('SD042', TO_DATE('2026-01-10 09:30:00', 'YYYY-MM-DD HH24:MI:SS'), '출고', 2, '판매출고', NULL, 'ST02', 42, 'PR042');
INSERT INTO TBL_STOCK_DETAIL (stock_detail_code, stock_date, stock_type, qty, bigo, expiry_date, staff_id, stock_seq, product_code) VALUES ('SD043', TO_DATE('2026-01-10 09:50:00', 'YYYY-MM-DD HH24:MI:SS'), '입고', 25, '정기입고', TO_DATE('2026-08-30', 'YYYY-MM-DD'), 'ST02', 43, 'PR043');
INSERT INTO TBL_STOCK_DETAIL (stock_detail_code, stock_date, stock_type, qty, bigo, expiry_date, staff_id, stock_seq, product_code) VALUES ('SD044', TO_DATE('2026-01-10 10:10:00', 'YYYY-MM-DD HH24:MI:SS'), '출고', 3, '판매출고', NULL, 'ST02', 44, 'PR044');
INSERT INTO TBL_STOCK_DETAIL (stock_detail_code, stock_date, stock_type, qty, bigo, expiry_date, staff_id, stock_seq, product_code) VALUES ('SD045', TO_DATE('2026-01-10 10:30:00', 'YYYY-MM-DD HH24:MI:SS'), '입고', 32, '정기입고', TO_DATE('2026-08-31', 'YYYY-MM-DD'), 'ST02', 45, 'PR045');
INSERT INTO TBL_STOCK_DETAIL (stock_detail_code, stock_date, stock_type, qty, bigo, expiry_date, staff_id, stock_seq, product_code) VALUES ('SD046', TO_DATE('2026-01-11 09:10:00', 'YYYY-MM-DD HH24:MI:SS'), '출고', 2, '판매출고', NULL, 'ST02', 46, 'PR046');
INSERT INTO TBL_STOCK_DETAIL (stock_detail_code, stock_date, stock_type, qty, bigo, expiry_date, staff_id, stock_seq, product_code) VALUES ('SD047', TO_DATE('2026-01-11 09:30:00', 'YYYY-MM-DD HH24:MI:SS'), '입고', 18, '정기입고', TO_DATE('2026-09-01', 'YYYY-MM-DD'), 'ST02', 47, 'PR047');
INSERT INTO TBL_STOCK_DETAIL (stock_detail_code, stock_date, stock_type, qty, bigo, expiry_date, staff_id, stock_seq, product_code) VALUES ('SD048', TO_DATE('2026-01-11 09:50:00', 'YYYY-MM-DD HH24:MI:SS'), '출고', 4, '판매출고', NULL, 'ST02', 48, 'PR048');
INSERT INTO TBL_STOCK_DETAIL (stock_detail_code, stock_date, stock_type, qty, bigo, expiry_date, staff_id, stock_seq, product_code) VALUES ('SD049', TO_DATE('2026-01-11 10:10:00', 'YYYY-MM-DD HH24:MI:SS'), '입고', 27, '정기입고', TO_DATE('2026-09-02', 'YYYY-MM-DD'), 'ST02', 49, 'PR049');
INSERT INTO TBL_STOCK_DETAIL (stock_detail_code, stock_date, stock_type, qty, bigo, expiry_date, staff_id, stock_seq, product_code) VALUES ('SD050', TO_DATE('2026-01-11 10:30:00', 'YYYY-MM-DD HH24:MI:SS'), '출고', 2, '판매출고', NULL, 'ST02', 50, 'PR050');
INSERT INTO TBL_STOCK_DETAIL (stock_detail_code, stock_date, stock_type, qty, bigo, expiry_date, staff_id, stock_seq, product_code) VALUES ('SD051', TO_DATE('2026-01-12 09:00:00', 'YYYY-MM-DD HH24:MI:SS'), '입고', 24, '정기입고', TO_DATE('2026-09-03', 'YYYY-MM-DD'), 'ST02', 51, 'PR051');
INSERT INTO TBL_STOCK_DETAIL (stock_detail_code, stock_date, stock_type, qty, bigo, expiry_date, staff_id, stock_seq, product_code) VALUES ('SD052', TO_DATE('2026-01-12 09:15:00', 'YYYY-MM-DD HH24:MI:SS'), '출고', 3, '판매출고', NULL, 'ST02', 52, 'PR052');
INSERT INTO TBL_STOCK_DETAIL (stock_detail_code, stock_date, stock_type, qty, bigo, expiry_date, staff_id, stock_seq, product_code) VALUES ('SD053', TO_DATE('2026-01-12 09:30:00', 'YYYY-MM-DD HH24:MI:SS'), '입고', 20, '정기입고', TO_DATE('2026-09-04', 'YYYY-MM-DD'), 'ST02', 53, 'PR053');
INSERT INTO TBL_STOCK_DETAIL (stock_detail_code, stock_date, stock_type, qty, bigo, expiry_date, staff_id, stock_seq, product_code) VALUES ('SD054', TO_DATE('2026-01-12 09:45:00', 'YYYY-MM-DD HH24:MI:SS'), '출고', 2, '판매출고', NULL, 'ST02', 54, 'PR054');
INSERT INTO TBL_STOCK_DETAIL (stock_detail_code, stock_date, stock_type, qty, bigo, expiry_date, staff_id, stock_seq, product_code) VALUES ('SD055', TO_DATE('2026-01-12 10:00:00', 'YYYY-MM-DD HH24:MI:SS'), '입고', 36, '정기입고', TO_DATE('2026-09-05', 'YYYY-MM-DD'), 'ST02', 55, 'PR055');
INSERT INTO TBL_STOCK_DETAIL (stock_detail_code, stock_date, stock_type, qty, bigo, expiry_date, staff_id, stock_seq, product_code) VALUES ('SD056', TO_DATE('2026-01-13 09:00:00', 'YYYY-MM-DD HH24:MI:SS'), '입고', 28, '정기입고', TO_DATE('2026-09-06', 'YYYY-MM-DD'), 'ST02', 56, 'PR056');
INSERT INTO TBL_STOCK_DETAIL (stock_detail_code, stock_date, stock_type, qty, bigo, expiry_date, staff_id, stock_seq, product_code) VALUES ('SD057', TO_DATE('2026-01-13 09:15:00', 'YYYY-MM-DD HH24:MI:SS'), '출고', 1, '판매출고', NULL, 'ST02', 57, 'PR057');
INSERT INTO TBL_STOCK_DETAIL (stock_detail_code, stock_date, stock_type, qty, bigo, expiry_date, staff_id, stock_seq, product_code) VALUES ('SD058', TO_DATE('2026-01-13 09:30:00', 'YYYY-MM-DD HH24:MI:SS'), '입고', 18, '정기입고', TO_DATE('2026-09-07', 'YYYY-MM-DD'), 'ST02', 58, 'PR058');
INSERT INTO TBL_STOCK_DETAIL (stock_detail_code, stock_date, stock_type, qty, bigo, expiry_date, staff_id, stock_seq, product_code) VALUES ('SD059', TO_DATE('2026-01-13 09:45:00', 'YYYY-MM-DD HH24:MI:SS'), '출고', 4, '판매출고', NULL, 'ST02', 59, 'PR059');
INSERT INTO TBL_STOCK_DETAIL (stock_detail_code, stock_date, stock_type, qty, bigo, expiry_date, staff_id, stock_seq, product_code) VALUES ('SD060', TO_DATE('2026-01-13 10:00:00', 'YYYY-MM-DD HH24:MI:SS'), '입고', 25, '정기입고', TO_DATE('2026-09-08', 'YYYY-MM-DD'), 'ST02', 60, 'PR060');
INSERT INTO TBL_STOCK_DETAIL (stock_detail_code, stock_date, stock_type, qty, bigo, expiry_date, staff_id, stock_seq, product_code) VALUES ('SD061', TO_DATE('2026-01-14 09:00:00', 'YYYY-MM-DD HH24:MI:SS'), '입고', 32, '정기입고', TO_DATE('2026-09-09', 'YYYY-MM-DD'), 'ST02', 61, 'PR061');
INSERT INTO TBL_STOCK_DETAIL (stock_detail_code, stock_date, stock_type, qty, bigo, expiry_date, staff_id, stock_seq, product_code) VALUES ('SD062', TO_DATE('2026-01-14 09:15:00', 'YYYY-MM-DD HH24:MI:SS'), '출고', 2, '판매출고', NULL, 'ST02', 62, 'PR062');
INSERT INTO TBL_STOCK_DETAIL (stock_detail_code, stock_date, stock_type, qty, bigo, expiry_date, staff_id, stock_seq, product_code) VALUES ('SD063', TO_DATE('2026-01-14 09:30:00', 'YYYY-MM-DD HH24:MI:SS'), '입고', 15, '정기입고', TO_DATE('2026-09-10', 'YYYY-MM-DD'), 'ST02', 63, 'PR063');
INSERT INTO TBL_STOCK_DETAIL (stock_detail_code, stock_date, stock_type, qty, bigo, expiry_date, staff_id, stock_seq, product_code) VALUES ('SD064', TO_DATE('2026-01-14 09:45:00', 'YYYY-MM-DD HH24:MI:SS'), '출고', 3, '판매출고', NULL, 'ST02', 64, 'PR064');
INSERT INTO TBL_STOCK_DETAIL (stock_detail_code, stock_date, stock_type, qty, bigo, expiry_date, staff_id, stock_seq, product_code) VALUES ('SD065', TO_DATE('2026-01-14 10:00:00', 'YYYY-MM-DD HH24:MI:SS'), '입고', 30, '정기입고', TO_DATE('2026-09-11', 'YYYY-MM-DD'), 'ST02', 65, 'PR065');
INSERT INTO TBL_STOCK_DETAIL (stock_detail_code, stock_date, stock_type, qty, bigo, expiry_date, staff_id, stock_seq, product_code) VALUES ('SD066', TO_DATE('2026-01-15 09:00:00', 'YYYY-MM-DD HH24:MI:SS'), '출고', 2, '판매출고', NULL, 'ST02', 66, 'PR066');
INSERT INTO TBL_STOCK_DETAIL (stock_detail_code, stock_date, stock_type, qty, bigo, expiry_date, staff_id, stock_seq, product_code) VALUES ('SD067', TO_DATE('2026-01-15 09:15:00', 'YYYY-MM-DD HH24:MI:SS'), '입고', 22, '정기입고', TO_DATE('2026-09-12', 'YYYY-MM-DD'), 'ST02', 67, 'PR067');
INSERT INTO TBL_STOCK_DETAIL (stock_detail_code, stock_date, stock_type, qty, bigo, expiry_date, staff_id, stock_seq, product_code) VALUES ('SD068', TO_DATE('2026-01-15 09:30:00', 'YYYY-MM-DD HH24:MI:SS'), '출고', 1, '판매출고', NULL, 'ST02', 68, 'PR068');
INSERT INTO TBL_STOCK_DETAIL (stock_detail_code, stock_date, stock_type, qty, bigo, expiry_date, staff_id, stock_seq, product_code) VALUES ('SD069', TO_DATE('2026-01-15 09:45:00', 'YYYY-MM-DD HH24:MI:SS'), '입고', 34, '정기입고', TO_DATE('2026-09-13', 'YYYY-MM-DD'), 'ST02', 69, 'PR069');
INSERT INTO TBL_STOCK_DETAIL (stock_detail_code, stock_date, stock_type, qty, bigo, expiry_date, staff_id, stock_seq, product_code) VALUES ('SD070', TO_DATE('2026-01-15 10:00:00', 'YYYY-MM-DD HH24:MI:SS'), '출고', 5, '판매출고', NULL, 'ST02', 70, 'PR070');
INSERT INTO TBL_STOCK_DETAIL (stock_detail_code, stock_date, stock_type, qty, bigo, expiry_date, staff_id, stock_seq, product_code) VALUES ('SD071', TO_DATE('2026-01-16 09:00:00', 'YYYY-MM-DD HH24:MI:SS'), '입고', 27, '정기입고', TO_DATE('2026-09-14', 'YYYY-MM-DD'), 'ST02', 71, 'PR071');
INSERT INTO TBL_STOCK_DETAIL (stock_detail_code, stock_date, stock_type, qty, bigo, expiry_date, staff_id, stock_seq, product_code) VALUES ('SD072', TO_DATE('2026-01-16 09:15:00', 'YYYY-MM-DD HH24:MI:SS'), '출고', 2, '판매출고', NULL, 'ST02', 72, 'PR072');
INSERT INTO TBL_STOCK_DETAIL (stock_detail_code, stock_date, stock_type, qty, bigo, expiry_date, staff_id, stock_seq, product_code) VALUES ('SD073', TO_DATE('2026-01-16 09:30:00', 'YYYY-MM-DD HH24:MI:SS'), '입고', 19, '정기입고', TO_DATE('2026-09-15', 'YYYY-MM-DD'), 'ST02', 73, 'PR073');
INSERT INTO TBL_STOCK_DETAIL (stock_detail_code, stock_date, stock_type, qty, bigo, expiry_date, staff_id, stock_seq, product_code) VALUES ('SD074', TO_DATE('2026-01-16 09:45:00', 'YYYY-MM-DD HH24:MI:SS'), '출고', 3, '판매출고', NULL, 'ST02', 74, 'PR074');
INSERT INTO TBL_STOCK_DETAIL (stock_detail_code, stock_date, stock_type, qty, bigo, expiry_date, staff_id, stock_seq, product_code) VALUES ('SD075', TO_DATE('2026-01-16 10:00:00', 'YYYY-MM-DD HH24:MI:SS'), '입고', 40, '정기입고', TO_DATE('2026-09-16', 'YYYY-MM-DD'), 'ST02', 75, 'PR075');
INSERT INTO TBL_STOCK_DETAIL (stock_detail_code, stock_date, stock_type, qty, bigo, expiry_date, staff_id, stock_seq, product_code) VALUES ('SD076', TO_DATE('2026-01-17 09:00:00', 'YYYY-MM-DD HH24:MI:SS'), '출고', 2, '판매출고', NULL, 'ST02', 76, 'PR076');
INSERT INTO TBL_STOCK_DETAIL (stock_detail_code, stock_date, stock_type, qty, bigo, expiry_date, staff_id, stock_seq, product_code) VALUES ('SD077', TO_DATE('2026-01-17 09:15:00', 'YYYY-MM-DD HH24:MI:SS'), '입고', 26, '정기입고', TO_DATE('2026-09-17', 'YYYY-MM-DD'), 'ST02', 77, 'PR077');
INSERT INTO TBL_STOCK_DETAIL (stock_detail_code, stock_date, stock_type, qty, bigo, expiry_date, staff_id, stock_seq, product_code) VALUES ('SD078', TO_DATE('2026-01-17 09:30:00', 'YYYY-MM-DD HH24:MI:SS'), '출고', 1, '판매출고', NULL, 'ST02', 78, 'PR078');
INSERT INTO TBL_STOCK_DETAIL (stock_detail_code, stock_date, stock_type, qty, bigo, expiry_date, staff_id, stock_seq, product_code) VALUES ('SD079', TO_DATE('2026-01-17 09:45:00', 'YYYY-MM-DD HH24:MI:SS'), '입고', 31, '정기입고', TO_DATE('2026-09-18', 'YYYY-MM-DD'), 'ST02', 79, 'PR079');
INSERT INTO TBL_STOCK_DETAIL (stock_detail_code, stock_date, stock_type, qty, bigo, expiry_date, staff_id, stock_seq, product_code) VALUES ('SD080', TO_DATE('2026-01-17 10:00:00', 'YYYY-MM-DD HH24:MI:SS'), '출고', 4, '판매출고', NULL, 'ST02', 80, 'PR080');
INSERT INTO TBL_STOCK_DETAIL (stock_detail_code, stock_date, stock_type, qty, bigo, expiry_date, staff_id, stock_seq, product_code) VALUES ('SD081', TO_DATE('2026-01-18 09:00:00', 'YYYY-MM-DD HH24:MI:SS'), '입고', 23, '정기입고', TO_DATE('2026-09-19', 'YYYY-MM-DD'), 'ST02', 81, 'PR081');
INSERT INTO TBL_STOCK_DETAIL (stock_detail_code, stock_date, stock_type, qty, bigo, expiry_date, staff_id, stock_seq, product_code) VALUES ('SD082', TO_DATE('2026-01-18 09:15:00', 'YYYY-MM-DD HH24:MI:SS'), '출고', 2, '판매출고', NULL, 'ST02', 82, 'PR082');
INSERT INTO TBL_STOCK_DETAIL (stock_detail_code, stock_date, stock_type, qty, bigo, expiry_date, staff_id, stock_seq, product_code) VALUES ('SD083', TO_DATE('2026-01-18 09:30:00', 'YYYY-MM-DD HH24:MI:SS'), '입고', 38, '정기입고', TO_DATE('2026-09-20', 'YYYY-MM-DD'), 'ST02', 83, 'PR083');
INSERT INTO TBL_STOCK_DETAIL (stock_detail_code, stock_date, stock_type, qty, bigo, expiry_date, staff_id, stock_seq, product_code) VALUES ('SD084', TO_DATE('2026-01-18 09:45:00', 'YYYY-MM-DD HH24:MI:SS'), '출고', 3, '판매출고', NULL, 'ST02', 84, 'PR084');
INSERT INTO TBL_STOCK_DETAIL (stock_detail_code, stock_date, stock_type, qty, bigo, expiry_date, staff_id, stock_seq, product_code) VALUES ('SD085', TO_DATE('2026-01-18 10:00:00', 'YYYY-MM-DD HH24:MI:SS'), '입고', 17, '정기입고', TO_DATE('2026-09-21', 'YYYY-MM-DD'), 'ST02', 85, 'PR085');
INSERT INTO TBL_STOCK_DETAIL (stock_detail_code, stock_date, stock_type, qty, bigo, expiry_date, staff_id, stock_seq, product_code) VALUES ('SD086', TO_DATE('2026-01-19 09:00:00', 'YYYY-MM-DD HH24:MI:SS'), '출고', 1, '판매출고', NULL, 'ST02', 86, 'PR086');
INSERT INTO TBL_STOCK_DETAIL (stock_detail_code, stock_date, stock_type, qty, bigo, expiry_date, staff_id, stock_seq, product_code) VALUES ('SD087', TO_DATE('2026-01-19 09:15:00', 'YYYY-MM-DD HH24:MI:SS'), '입고', 29, '정기입고', TO_DATE('2026-09-22', 'YYYY-MM-DD'), 'ST02', 87, 'PR087');
INSERT INTO TBL_STOCK_DETAIL (stock_detail_code, stock_date, stock_type, qty, bigo, expiry_date, staff_id, stock_seq, product_code) VALUES ('SD088', TO_DATE('2026-01-19 09:30:00', 'YYYY-MM-DD HH24:MI:SS'), '출고', 5, '판매출고', NULL, 'ST02', 88, 'PR088');
INSERT INTO TBL_STOCK_DETAIL (stock_detail_code, stock_date, stock_type, qty, bigo, expiry_date, staff_id, stock_seq, product_code) VALUES ('SD089', TO_DATE('2026-01-19 09:45:00', 'YYYY-MM-DD HH24:MI:SS'), '입고', 21, '정기입고', TO_DATE('2026-09-23', 'YYYY-MM-DD'), 'ST02', 89, 'PR089');
INSERT INTO TBL_STOCK_DETAIL (stock_detail_code, stock_date, stock_type, qty, bigo, expiry_date, staff_id, stock_seq, product_code) VALUES ('SD090', TO_DATE('2026-01-19 10:00:00', 'YYYY-MM-DD HH24:MI:SS'), '출고', 2, '판매출고', NULL, 'ST02', 90, 'PR090');
INSERT INTO TBL_STOCK_DETAIL (stock_detail_code, stock_date, stock_type, qty, bigo, expiry_date, staff_id, stock_seq, product_code) VALUES ('SD091', TO_DATE('2026-01-20 09:00:00', 'YYYY-MM-DD HH24:MI:SS'), '입고', 34, '정기입고', TO_DATE('2026-09-24', 'YYYY-MM-DD'), 'ST02', 91, 'PR091');
INSERT INTO TBL_STOCK_DETAIL (stock_detail_code, stock_date, stock_type, qty, bigo, expiry_date, staff_id, stock_seq, product_code) VALUES ('SD092', TO_DATE('2026-01-20 09:15:00', 'YYYY-MM-DD HH24:MI:SS'), '출고', 3, '판매출고', NULL, 'ST02', 92, 'PR092');
INSERT INTO TBL_STOCK_DETAIL (stock_detail_code, stock_date, stock_type, qty, bigo, expiry_date, staff_id, stock_seq, product_code) VALUES ('SD093', TO_DATE('2026-01-20 09:30:00', 'YYYY-MM-DD HH24:MI:SS'), '입고', 18, '정기입고', TO_DATE('2026-09-25', 'YYYY-MM-DD'), 'ST02', 93, 'PR093');
INSERT INTO TBL_STOCK_DETAIL (stock_detail_code, stock_date, stock_type, qty, bigo, expiry_date, staff_id, stock_seq, product_code) VALUES ('SD094', TO_DATE('2026-01-20 09:45:00', 'YYYY-MM-DD HH24:MI:SS'), '출고', 2, '판매출고', NULL, 'ST02', 94, 'PR094');
INSERT INTO TBL_STOCK_DETAIL (stock_detail_code, stock_date, stock_type, qty, bigo, expiry_date, staff_id, stock_seq, product_code) VALUES ('SD095', TO_DATE('2026-01-20 10:00:00', 'YYYY-MM-DD HH24:MI:SS'), '입고', 30, '정기입고', TO_DATE('2026-09-26', 'YYYY-MM-DD'), 'ST02', 95, 'PR095');
INSERT INTO TBL_STOCK_DETAIL (stock_detail_code, stock_date, stock_type, qty, bigo, expiry_date, staff_id, stock_seq, product_code) VALUES ('SD096', TO_DATE('2026-01-21 09:00:00', 'YYYY-MM-DD HH24:MI:SS'), '출고', 1, '판매출고', NULL, 'ST02', 96, 'PR096');
INSERT INTO TBL_STOCK_DETAIL (stock_detail_code, stock_date, stock_type, qty, bigo, expiry_date, staff_id, stock_seq, product_code) VALUES ('SD097', TO_DATE('2026-01-21 09:15:00', 'YYYY-MM-DD HH24:MI:SS'), '입고', 24, '정기입고', TO_DATE('2026-09-27', 'YYYY-MM-DD'), 'ST02', 97, 'PR097');
INSERT INTO TBL_STOCK_DETAIL (stock_detail_code, stock_date, stock_type, qty, bigo, expiry_date, staff_id, stock_seq, product_code) VALUES ('SD098', TO_DATE('2026-01-21 09:30:00', 'YYYY-MM-DD HH24:MI:SS'), '출고', 4, '판매출고', NULL, 'ST02', 98, 'PR098');
INSERT INTO TBL_STOCK_DETAIL (stock_detail_code, stock_date, stock_type, qty, bigo, expiry_date, staff_id, stock_seq, product_code) VALUES ('SD099', TO_DATE('2026-01-21 09:45:00', 'YYYY-MM-DD HH24:MI:SS'), '입고', 27, '정기입고', TO_DATE('2026-09-28', 'YYYY-MM-DD'), 'ST02', 99, 'PR099');
INSERT INTO TBL_STOCK_DETAIL (stock_detail_code, stock_date, stock_type, qty, bigo, expiry_date, staff_id, stock_seq, product_code) VALUES ('SD100', TO_DATE('2026-01-21 10:00:00', 'YYYY-MM-DD HH24:MI:SS'), '출고', 2, '판매출고', NULL, 'ST02', 100, 'PR100');
INSERT INTO TBL_STOCK_DETAIL (stock_detail_code, stock_date, stock_type, qty, bigo, expiry_date, staff_id, stock_seq, product_code) VALUES ('SD101', TO_DATE('2026-02-01 09:00:00', 'YYYY-MM-DD HH24:MI:SS'), '입고', 20, '정기입고', TO_DATE('2026-10-01', 'YYYY-MM-DD'), 'ST02', 1, 'PR001');
INSERT INTO TBL_STOCK_DETAIL (stock_detail_code, stock_date, stock_type, qty, bigo, expiry_date, staff_id, stock_seq, product_code) VALUES ('SD102', TO_DATE('2026-02-01 09:20:00', 'YYYY-MM-DD HH24:MI:SS'), '출고', 3, '판매출고', NULL, 'ST02', 2, 'PR002');
INSERT INTO TBL_STOCK_DETAIL (stock_detail_code, stock_date, stock_type, qty, bigo, expiry_date, staff_id, stock_seq, product_code) VALUES ('SD103', TO_DATE('2026-02-01 09:40:00', 'YYYY-MM-DD HH24:MI:SS'), '입고', 18, '정기입고', TO_DATE('2026-10-02', 'YYYY-MM-DD'), 'ST02', 3, 'PR003');
INSERT INTO TBL_STOCK_DETAIL (stock_detail_code, stock_date, stock_type, qty, bigo, expiry_date, staff_id, stock_seq, product_code) VALUES ('SD104', TO_DATE('2026-02-01 10:00:00', 'YYYY-MM-DD HH24:MI:SS'), '출고', 2, '판매출고', NULL, 'ST02', 4, 'PR004');
INSERT INTO TBL_STOCK_DETAIL (stock_detail_code, stock_date, stock_type, qty, bigo, expiry_date, staff_id, stock_seq, product_code) VALUES ('SD105', TO_DATE('2026-02-01 10:20:00', 'YYYY-MM-DD HH24:MI:SS'), '입고', 25, '정기입고', TO_DATE('2026-10-03', 'YYYY-MM-DD'), 'ST02', 5, 'PR005');
INSERT INTO TBL_STOCK_DETAIL (stock_detail_code, stock_date, stock_type, qty, bigo, expiry_date, staff_id, stock_seq, product_code) VALUES ('SD106', TO_DATE('2026-02-02 09:00:00', 'YYYY-MM-DD HH24:MI:SS'), '출고', 4, '판매출고', NULL, 'ST02', 6, 'PR006');
INSERT INTO TBL_STOCK_DETAIL (stock_detail_code, stock_date, stock_type, qty, bigo, expiry_date, staff_id, stock_seq, product_code) VALUES ('SD107', TO_DATE('2026-02-02 09:20:00', 'YYYY-MM-DD HH24:MI:SS'), '입고', 22, '정기입고', TO_DATE('2026-10-04', 'YYYY-MM-DD'), 'ST02', 7, 'PR007');
INSERT INTO TBL_STOCK_DETAIL (stock_detail_code, stock_date, stock_type, qty, bigo, expiry_date, staff_id, stock_seq, product_code) VALUES ('SD108', TO_DATE('2026-02-02 09:40:00', 'YYYY-MM-DD HH24:MI:SS'), '출고', 2, '판매출고', NULL, 'ST02', 8, 'PR008');
INSERT INTO TBL_STOCK_DETAIL (stock_detail_code, stock_date, stock_type, qty, bigo, expiry_date, staff_id, stock_seq, product_code) VALUES ('SD109', TO_DATE('2026-02-02 10:00:00', 'YYYY-MM-DD HH24:MI:SS'), '입고', 30, '정기입고', TO_DATE('2026-10-05', 'YYYY-MM-DD'), 'ST02', 9, 'PR009');
INSERT INTO TBL_STOCK_DETAIL (stock_detail_code, stock_date, stock_type, qty, bigo, expiry_date, staff_id, stock_seq, product_code) VALUES ('SD110', TO_DATE('2026-02-02 10:20:00', 'YYYY-MM-DD HH24:MI:SS'), '출고', 1, '판매출고', NULL, 'ST02', 10, 'PR010');
INSERT INTO TBL_STOCK_DETAIL (stock_detail_code, stock_date, stock_type, qty, bigo, expiry_date, staff_id, stock_seq, product_code) VALUES ('SD111', TO_DATE('2026-02-03 09:00:00', 'YYYY-MM-DD HH24:MI:SS'), '입고', 27, '정기입고', TO_DATE('2026-10-06', 'YYYY-MM-DD'), 'ST02', 11, 'PR011');
INSERT INTO TBL_STOCK_DETAIL (stock_detail_code, stock_date, stock_type, qty, bigo, expiry_date, staff_id, stock_seq, product_code) VALUES ('SD112', TO_DATE('2026-02-03 09:20:00', 'YYYY-MM-DD HH24:MI:SS'), '출고', 3, '판매출고', NULL, 'ST02', 12, 'PR012');
INSERT INTO TBL_STOCK_DETAIL (stock_detail_code, stock_date, stock_type, qty, bigo, expiry_date, staff_id, stock_seq, product_code) VALUES ('SD113', TO_DATE('2026-02-03 09:40:00', 'YYYY-MM-DD HH24:MI:SS'), '입고', 19, '정기입고', TO_DATE('2026-10-07', 'YYYY-MM-DD'), 'ST02', 13, 'PR013');
INSERT INTO TBL_STOCK_DETAIL (stock_detail_code, stock_date, stock_type, qty, bigo, expiry_date, staff_id, stock_seq, product_code) VALUES ('SD114', TO_DATE('2026-02-03 10:00:00', 'YYYY-MM-DD HH24:MI:SS'), '출고', 2, '판매출고', NULL, 'ST02', 14, 'PR014');
INSERT INTO TBL_STOCK_DETAIL (stock_detail_code, stock_date, stock_type, qty, bigo, expiry_date, staff_id, stock_seq, product_code) VALUES ('SD115', TO_DATE('2026-02-03 10:20:00', 'YYYY-MM-DD HH24:MI:SS'), '입고', 32, '정기입고', TO_DATE('2026-10-08', 'YYYY-MM-DD'), 'ST02', 15, 'PR015');
INSERT INTO TBL_STOCK_DETAIL (stock_detail_code, stock_date, stock_type, qty, bigo, expiry_date, staff_id, stock_seq, product_code) VALUES ('SD116', TO_DATE('2026-02-04 09:00:00', 'YYYY-MM-DD HH24:MI:SS'), '출고', 5, '판매출고', NULL, 'ST02', 16, 'PR016');
INSERT INTO TBL_STOCK_DETAIL (stock_detail_code, stock_date, stock_type, qty, bigo, expiry_date, staff_id, stock_seq, product_code) VALUES ('SD117', TO_DATE('2026-02-04 09:20:00', 'YYYY-MM-DD HH24:MI:SS'), '입고', 24, '정기입고', TO_DATE('2026-10-09', 'YYYY-MM-DD'), 'ST02', 17, 'PR017');
INSERT INTO TBL_STOCK_DETAIL (stock_detail_code, stock_date, stock_type, qty, bigo, expiry_date, staff_id, stock_seq, product_code) VALUES ('SD118', TO_DATE('2026-02-04 09:40:00', 'YYYY-MM-DD HH24:MI:SS'), '출고', 1, '판매출고', NULL, 'ST02', 18, 'PR018');
INSERT INTO TBL_STOCK_DETAIL (stock_detail_code, stock_date, stock_type, qty, bigo, expiry_date, staff_id, stock_seq, product_code) VALUES ('SD119', TO_DATE('2026-02-04 10:00:00', 'YYYY-MM-DD HH24:MI:SS'), '입고', 29, '정기입고', TO_DATE('2026-10-10', 'YYYY-MM-DD'), 'ST02', 19, 'PR019');
INSERT INTO TBL_STOCK_DETAIL (stock_detail_code, stock_date, stock_type, qty, bigo, expiry_date, staff_id, stock_seq, product_code) VALUES ('SD120', TO_DATE('2026-02-04 10:20:00', 'YYYY-MM-DD HH24:MI:SS'), '출고', 4, '판매출고', NULL, 'ST02', 20, 'PR020');
INSERT INTO TBL_STOCK_DETAIL (stock_detail_code, stock_date, stock_type, qty, bigo, expiry_date, staff_id, stock_seq, product_code) VALUES ('SD121', TO_DATE('2026-02-05 09:00:00', 'YYYY-MM-DD HH24:MI:SS'), '입고', 21, '정기입고', TO_DATE('2026-10-11', 'YYYY-MM-DD'), 'ST02', 21, 'PR021');
INSERT INTO TBL_STOCK_DETAIL (stock_detail_code, stock_date, stock_type, qty, bigo, expiry_date, staff_id, stock_seq, product_code) VALUES ('SD122', TO_DATE('2026-02-05 09:20:00', 'YYYY-MM-DD HH24:MI:SS'), '출고', 2, '판매출고', NULL, 'ST02', 22, 'PR022');
INSERT INTO TBL_STOCK_DETAIL (stock_detail_code, stock_date, stock_type, qty, bigo, expiry_date, staff_id, stock_seq, product_code) VALUES ('SD123', TO_DATE('2026-02-05 09:40:00', 'YYYY-MM-DD HH24:MI:SS'), '입고', 35, '정기입고', TO_DATE('2026-10-12', 'YYYY-MM-DD'), 'ST02', 23, 'PR023');
INSERT INTO TBL_STOCK_DETAIL (stock_detail_code, stock_date, stock_type, qty, bigo, expiry_date, staff_id, stock_seq, product_code) VALUES ('SD124', TO_DATE('2026-02-05 10:00:00', 'YYYY-MM-DD HH24:MI:SS'), '출고', 3, '판매출고', NULL, 'ST02', 24, 'PR024');
INSERT INTO TBL_STOCK_DETAIL (stock_detail_code, stock_date, stock_type, qty, bigo, expiry_date, staff_id, stock_seq, product_code) VALUES ('SD125', TO_DATE('2026-02-05 10:20:00', 'YYYY-MM-DD HH24:MI:SS'), '입고', 26, '정기입고', TO_DATE('2026-10-13', 'YYYY-MM-DD'), 'ST02', 25, 'PR025');
INSERT INTO TBL_STOCK_DETAIL (stock_detail_code, stock_date, stock_type, qty, bigo, expiry_date, staff_id, stock_seq, product_code) VALUES ('SD126', TO_DATE('2026-02-06 09:00:00', 'YYYY-MM-DD HH24:MI:SS'), '출고', 2, '판매출고', NULL, 'ST02', 26, 'PR026');
INSERT INTO TBL_STOCK_DETAIL (stock_detail_code, stock_date, stock_type, qty, bigo, expiry_date, staff_id, stock_seq, product_code) VALUES ('SD127', TO_DATE('2026-02-06 09:20:00', 'YYYY-MM-DD HH24:MI:SS'), '입고', 28, '정기입고', TO_DATE('2026-10-14', 'YYYY-MM-DD'), 'ST02', 27, 'PR027');
INSERT INTO TBL_STOCK_DETAIL (stock_detail_code, stock_date, stock_type, qty, bigo, expiry_date, staff_id, stock_seq, product_code) VALUES ('SD128', TO_DATE('2026-02-06 09:40:00', 'YYYY-MM-DD HH24:MI:SS'), '출고', 1, '판매출고', NULL, 'ST02', 28, 'PR028');
INSERT INTO TBL_STOCK_DETAIL (stock_detail_code, stock_date, stock_type, qty, bigo, expiry_date, staff_id, stock_seq, product_code) VALUES ('SD129', TO_DATE('2026-02-06 10:00:00', 'YYYY-MM-DD HH24:MI:SS'), '입고', 24, '정기입고', TO_DATE('2026-10-15', 'YYYY-MM-DD'), 'ST02', 29, 'PR029');
INSERT INTO TBL_STOCK_DETAIL (stock_detail_code, stock_date, stock_type, qty, bigo, expiry_date, staff_id, stock_seq, product_code) VALUES ('SD130', TO_DATE('2026-02-06 10:20:00', 'YYYY-MM-DD HH24:MI:SS'), '출고', 3, '판매출고', NULL, 'ST02', 30, 'PR030');
INSERT INTO TBL_STOCK_DETAIL (stock_detail_code, stock_date, stock_type, qty, bigo, expiry_date, staff_id, stock_seq, product_code) VALUES ('SD131', TO_DATE('2026-02-07 09:00:00', 'YYYY-MM-DD HH24:MI:SS'), '입고', 32, '정기입고', TO_DATE('2026-10-16', 'YYYY-MM-DD'), 'ST02', 31, 'PR031');
INSERT INTO TBL_STOCK_DETAIL (stock_detail_code, stock_date, stock_type, qty, bigo, expiry_date, staff_id, stock_seq, product_code) VALUES ('SD132', TO_DATE('2026-02-07 09:20:00', 'YYYY-MM-DD HH24:MI:SS'), '출고', 2, '판매출고', NULL, 'ST02', 32, 'PR032');
INSERT INTO TBL_STOCK_DETAIL (stock_detail_code, stock_date, stock_type, qty, bigo, expiry_date, staff_id, stock_seq, product_code) VALUES ('SD133', TO_DATE('2026-02-07 09:40:00', 'YYYY-MM-DD HH24:MI:SS'), '입고', 20, '정기입고', TO_DATE('2026-10-17', 'YYYY-MM-DD'), 'ST02', 33, 'PR033');
INSERT INTO TBL_STOCK_DETAIL (stock_detail_code, stock_date, stock_type, qty, bigo, expiry_date, staff_id, stock_seq, product_code) VALUES ('SD134', TO_DATE('2026-02-07 10:00:00', 'YYYY-MM-DD HH24:MI:SS'), '출고', 4, '판매출고', NULL, 'ST02', 34, 'PR034');
INSERT INTO TBL_STOCK_DETAIL (stock_detail_code, stock_date, stock_type, qty, bigo, expiry_date, staff_id, stock_seq, product_code) VALUES ('SD135', TO_DATE('2026-02-07 10:20:00', 'YYYY-MM-DD HH24:MI:SS'), '입고', 36, '정기입고', TO_DATE('2026-10-18', 'YYYY-MM-DD'), 'ST02', 35, 'PR035');
INSERT INTO TBL_STOCK_DETAIL (stock_detail_code, stock_date, stock_type, qty, bigo, expiry_date, staff_id, stock_seq, product_code) VALUES ('SD136', TO_DATE('2026-02-08 09:00:00', 'YYYY-MM-DD HH24:MI:SS'), '출고', 3, '판매출고', NULL, 'ST02', 36, 'PR036');
INSERT INTO TBL_STOCK_DETAIL (stock_detail_code, stock_date, stock_type, qty, bigo, expiry_date, staff_id, stock_seq, product_code) VALUES ('SD137', TO_DATE('2026-02-08 09:20:00', 'YYYY-MM-DD HH24:MI:SS'), '입고', 22, '정기입고', TO_DATE('2026-10-19', 'YYYY-MM-DD'), 'ST02', 37, 'PR037');
INSERT INTO TBL_STOCK_DETAIL (stock_detail_code, stock_date, stock_type, qty, bigo, expiry_date, staff_id, stock_seq, product_code) VALUES ('SD138', TO_DATE('2026-02-08 09:40:00', 'YYYY-MM-DD HH24:MI:SS'), '출고', 2, '판매출고', NULL, 'ST02', 38, 'PR038');
INSERT INTO TBL_STOCK_DETAIL (stock_detail_code, stock_date, stock_type, qty, bigo, expiry_date, staff_id, stock_seq, product_code) VALUES ('SD139', TO_DATE('2026-02-08 10:00:00', 'YYYY-MM-DD HH24:MI:SS'), '입고', 30, '정기입고', TO_DATE('2026-10-20', 'YYYY-MM-DD'), 'ST02', 39, 'PR039');
INSERT INTO TBL_STOCK_DETAIL (stock_detail_code, stock_date, stock_type, qty, bigo, expiry_date, staff_id, stock_seq, product_code) VALUES ('SD140', TO_DATE('2026-02-08 10:20:00', 'YYYY-MM-DD HH24:MI:SS'), '출고', 5, '판매출고', NULL, 'ST02', 40, 'PR040');
INSERT INTO TBL_STOCK_DETAIL (stock_detail_code, stock_date, stock_type, qty, bigo, expiry_date, staff_id, stock_seq, product_code) VALUES ('SD141', TO_DATE('2026-02-09 09:00:00', 'YYYY-MM-DD HH24:MI:SS'), '입고', 18, '정기입고', TO_DATE('2026-10-21', 'YYYY-MM-DD'), 'ST02', 41, 'PR041');
INSERT INTO TBL_STOCK_DETAIL (stock_detail_code, stock_date, stock_type, qty, bigo, expiry_date, staff_id, stock_seq, product_code) VALUES ('SD142', TO_DATE('2026-02-09 09:20:00', 'YYYY-MM-DD HH24:MI:SS'), '출고', 2, '판매출고', NULL, 'ST02', 42, 'PR042');
INSERT INTO TBL_STOCK_DETAIL (stock_detail_code, stock_date, stock_type, qty, bigo, expiry_date, staff_id, stock_seq, product_code) VALUES ('SD143', TO_DATE('2026-02-09 09:40:00', 'YYYY-MM-DD HH24:MI:SS'), '입고', 26, '정기입고', TO_DATE('2026-10-22', 'YYYY-MM-DD'), 'ST02', 43, 'PR043');
INSERT INTO TBL_STOCK_DETAIL (stock_detail_code, stock_date, stock_type, qty, bigo, expiry_date, staff_id, stock_seq, product_code) VALUES ('SD144', TO_DATE('2026-02-09 10:00:00', 'YYYY-MM-DD HH24:MI:SS'), '출고', 1, '판매출고', NULL, 'ST02', 44, 'PR044');
INSERT INTO TBL_STOCK_DETAIL (stock_detail_code, stock_date, stock_type, qty, bigo, expiry_date, staff_id, stock_seq, product_code) VALUES ('SD145', TO_DATE('2026-02-09 10:20:00', 'YYYY-MM-DD HH24:MI:SS'), '입고', 34, '정기입고', TO_DATE('2026-10-23', 'YYYY-MM-DD'), 'ST02', 45, 'PR045');
INSERT INTO TBL_STOCK_DETAIL (stock_detail_code, stock_date, stock_type, qty, bigo, expiry_date, staff_id, stock_seq, product_code) VALUES ('SD146', TO_DATE('2026-02-10 09:00:00', 'YYYY-MM-DD HH24:MI:SS'), '출고', 3, '판매출고', NULL, 'ST02', 46, 'PR046');
INSERT INTO TBL_STOCK_DETAIL (stock_detail_code, stock_date, stock_type, qty, bigo, expiry_date, staff_id, stock_seq, product_code) VALUES ('SD147', TO_DATE('2026-02-10 09:20:00', 'YYYY-MM-DD HH24:MI:SS'), '입고', 21, '정기입고', TO_DATE('2026-10-24', 'YYYY-MM-DD'), 'ST02', 47, 'PR047');
INSERT INTO TBL_STOCK_DETAIL (stock_detail_code, stock_date, stock_type, qty, bigo, expiry_date, staff_id, stock_seq, product_code) VALUES ('SD148', TO_DATE('2026-02-10 09:40:00', 'YYYY-MM-DD HH24:MI:SS'), '출고', 2, '판매출고', NULL, 'ST02', 48, 'PR048');
INSERT INTO TBL_STOCK_DETAIL (stock_detail_code, stock_date, stock_type, qty, bigo, expiry_date, staff_id, stock_seq, product_code) VALUES ('SD149', TO_DATE('2026-02-10 10:00:00', 'YYYY-MM-DD HH24:MI:SS'), '입고', 29, '정기입고', TO_DATE('2026-10-25', 'YYYY-MM-DD'), 'ST02', 49, 'PR049');
INSERT INTO TBL_STOCK_DETAIL (stock_detail_code, stock_date, stock_type, qty, bigo, expiry_date, staff_id, stock_seq, product_code) VALUES ('SD150', TO_DATE('2026-02-10 10:20:00', 'YYYY-MM-DD HH24:MI:SS'), '출고', 4, '판매출고', NULL, 'ST02', 50, 'PR050');
INSERT INTO TBL_STOCK_DETAIL (stock_detail_code, stock_date, stock_type, qty, bigo, expiry_date, staff_id, stock_seq, product_code) VALUES ('SD151', TO_DATE('2026-02-11 09:00:00', 'YYYY-MM-DD HH24:MI:SS'), '입고', 25, '정기입고', TO_DATE('2026-10-26', 'YYYY-MM-DD'), 'ST02', 51, 'PR051');
INSERT INTO TBL_STOCK_DETAIL (stock_detail_code, stock_date, stock_type, qty, bigo, expiry_date, staff_id, stock_seq, product_code) VALUES ('SD152', TO_DATE('2026-02-11 09:15:00', 'YYYY-MM-DD HH24:MI:SS'), '출고', 2, '판매출고', NULL, 'ST02', 52, 'PR052');
INSERT INTO TBL_STOCK_DETAIL (stock_detail_code, stock_date, stock_type, qty, bigo, expiry_date, staff_id, stock_seq, product_code) VALUES ('SD153', TO_DATE('2026-02-11 09:30:00', 'YYYY-MM-DD HH24:MI:SS'), '입고', 33, '정기입고', TO_DATE('2026-10-27', 'YYYY-MM-DD'), 'ST02', 53, 'PR053');
INSERT INTO TBL_STOCK_DETAIL (stock_detail_code, stock_date, stock_type, qty, bigo, expiry_date, staff_id, stock_seq, product_code) VALUES ('SD154', TO_DATE('2026-02-11 09:45:00', 'YYYY-MM-DD HH24:MI:SS'), '출고', 1, '판매출고', NULL, 'ST02', 54, 'PR054');
INSERT INTO TBL_STOCK_DETAIL (stock_detail_code, stock_date, stock_type, qty, bigo, expiry_date, staff_id, stock_seq, product_code) VALUES ('SD155', TO_DATE('2026-02-11 10:00:00', 'YYYY-MM-DD HH24:MI:SS'), '입고', 20, '정기입고', TO_DATE('2026-10-28', 'YYYY-MM-DD'), 'ST02', 55, 'PR055');
INSERT INTO TBL_STOCK_DETAIL (stock_detail_code, stock_date, stock_type, qty, bigo, expiry_date, staff_id, stock_seq, product_code) VALUES ('SD156', TO_DATE('2026-02-12 09:00:00', 'YYYY-MM-DD HH24:MI:SS'), '출고', 3, '판매출고', NULL, 'ST02', 56, 'PR056');
INSERT INTO TBL_STOCK_DETAIL (stock_detail_code, stock_date, stock_type, qty, bigo, expiry_date, staff_id, stock_seq, product_code) VALUES ('SD157', TO_DATE('2026-02-12 09:15:00', 'YYYY-MM-DD HH24:MI:SS'), '입고', 28, '정기입고', TO_DATE('2026-10-29', 'YYYY-MM-DD'), 'ST02', 57, 'PR057');
INSERT INTO TBL_STOCK_DETAIL (stock_detail_code, stock_date, stock_type, qty, bigo, expiry_date, staff_id, stock_seq, product_code) VALUES ('SD158', TO_DATE('2026-02-12 09:30:00', 'YYYY-MM-DD HH24:MI:SS'), '출고', 2, '판매출고', NULL, 'ST02', 58, 'PR058');
INSERT INTO TBL_STOCK_DETAIL (stock_detail_code, stock_date, stock_type, qty, bigo, expiry_date, staff_id, stock_seq, product_code) VALUES ('SD159', TO_DATE('2026-02-12 09:45:00', 'YYYY-MM-DD HH24:MI:SS'), '입고', 36, '정기입고', TO_DATE('2026-10-30', 'YYYY-MM-DD'), 'ST02', 59, 'PR059');
INSERT INTO TBL_STOCK_DETAIL (stock_detail_code, stock_date, stock_type, qty, bigo, expiry_date, staff_id, stock_seq, product_code) VALUES ('SD160', TO_DATE('2026-02-12 10:00:00', 'YYYY-MM-DD HH24:MI:SS'), '출고', 4, '판매출고', NULL, 'ST02', 60, 'PR060');
INSERT INTO TBL_STOCK_DETAIL (stock_detail_code, stock_date, stock_type, qty, bigo, expiry_date, staff_id, stock_seq, product_code) VALUES ('SD161', TO_DATE('2026-02-13 09:00:00', 'YYYY-MM-DD HH24:MI:SS'), '입고', 18, '정기입고', TO_DATE('2026-10-31', 'YYYY-MM-DD'), 'ST02', 61, 'PR061');
INSERT INTO TBL_STOCK_DETAIL (stock_detail_code, stock_date, stock_type, qty, bigo, expiry_date, staff_id, stock_seq, product_code) VALUES ('SD162', TO_DATE('2026-02-13 09:15:00', 'YYYY-MM-DD HH24:MI:SS'), '출고', 2, '판매출고', NULL, 'ST02', 62, 'PR062');
INSERT INTO TBL_STOCK_DETAIL (stock_detail_code, stock_date, stock_type, qty, bigo, expiry_date, staff_id, stock_seq, product_code) VALUES ('SD163', TO_DATE('2026-02-13 09:30:00', 'YYYY-MM-DD HH24:MI:SS'), '입고', 27, '정기입고', TO_DATE('2026-11-01', 'YYYY-MM-DD'), 'ST02', 63, 'PR063');
INSERT INTO TBL_STOCK_DETAIL (stock_detail_code, stock_date, stock_type, qty, bigo, expiry_date, staff_id, stock_seq, product_code) VALUES ('SD164', TO_DATE('2026-02-13 09:45:00', 'YYYY-MM-DD HH24:MI:SS'), '출고', 3, '판매출고', NULL, 'ST02', 64, 'PR064');
INSERT INTO TBL_STOCK_DETAIL (stock_detail_code, stock_date, stock_type, qty, bigo, expiry_date, staff_id, stock_seq, product_code) VALUES ('SD165', TO_DATE('2026-02-13 10:00:00', 'YYYY-MM-DD HH24:MI:SS'), '입고', 31, '정기입고', TO_DATE('2026-11-02', 'YYYY-MM-DD'), 'ST02', 65, 'PR065');
INSERT INTO TBL_STOCK_DETAIL (stock_detail_code, stock_date, stock_type, qty, bigo, expiry_date, staff_id, stock_seq, product_code) VALUES ('SD166', TO_DATE('2026-02-14 09:00:00', 'YYYY-MM-DD HH24:MI:SS'), '출고', 1, '판매출고', NULL, 'ST02', 66, 'PR066');
INSERT INTO TBL_STOCK_DETAIL (stock_detail_code, stock_date, stock_type, qty, bigo, expiry_date, staff_id, stock_seq, product_code) VALUES ('SD167', TO_DATE('2026-02-14 09:15:00', 'YYYY-MM-DD HH24:MI:SS'), '입고', 24, '정기입고', TO_DATE('2026-11-03', 'YYYY-MM-DD'), 'ST02', 67, 'PR067');
INSERT INTO TBL_STOCK_DETAIL (stock_detail_code, stock_date, stock_type, qty, bigo, expiry_date, staff_id, stock_seq, product_code) VALUES ('SD168', TO_DATE('2026-02-14 09:30:00', 'YYYY-MM-DD HH24:MI:SS'), '출고', 5, '판매출고', NULL, 'ST02', 68, 'PR068');
INSERT INTO TBL_STOCK_DETAIL (stock_detail_code, stock_date, stock_type, qty, bigo, expiry_date, staff_id, stock_seq, product_code) VALUES ('SD169', TO_DATE('2026-02-14 09:45:00', 'YYYY-MM-DD HH24:MI:SS'), '입고', 22, '정기입고', TO_DATE('2026-11-04', 'YYYY-MM-DD'), 'ST02', 69, 'PR069');
INSERT INTO TBL_STOCK_DETAIL (stock_detail_code, stock_date, stock_type, qty, bigo, expiry_date, staff_id, stock_seq, product_code) VALUES ('SD170', TO_DATE('2026-02-14 10:00:00', 'YYYY-MM-DD HH24:MI:SS'), '출고', 2, '판매출고', NULL, 'ST02', 70, 'PR070');
INSERT INTO TBL_STOCK_DETAIL (stock_detail_code, stock_date, stock_type, qty, bigo, expiry_date, staff_id, stock_seq, product_code) VALUES ('SD171', TO_DATE('2026-02-15 09:00:00', 'YYYY-MM-DD HH24:MI:SS'), '입고', 30, '정기입고', TO_DATE('2026-11-05', 'YYYY-MM-DD'), 'ST02', 71, 'PR071');
INSERT INTO TBL_STOCK_DETAIL (stock_detail_code, stock_date, stock_type, qty, bigo, expiry_date, staff_id, stock_seq, product_code) VALUES ('SD172', TO_DATE('2026-02-15 09:15:00', 'YYYY-MM-DD HH24:MI:SS'), '출고', 4, '판매출고', NULL, 'ST02', 72, 'PR072');
INSERT INTO TBL_STOCK_DETAIL (stock_detail_code, stock_date, stock_type, qty, bigo, expiry_date, staff_id, stock_seq, product_code) VALUES ('SD173', TO_DATE('2026-02-15 09:30:00', 'YYYY-MM-DD HH24:MI:SS'), '입고', 26, '정기입고', TO_DATE('2026-11-06', 'YYYY-MM-DD'), 'ST02', 73, 'PR073');
INSERT INTO TBL_STOCK_DETAIL (stock_detail_code, stock_date, stock_type, qty, bigo, expiry_date, staff_id, stock_seq, product_code) VALUES ('SD174', TO_DATE('2026-02-15 09:45:00', 'YYYY-MM-DD HH24:MI:SS'), '출고', 2, '판매출고', NULL, 'ST02', 74, 'PR074');
INSERT INTO TBL_STOCK_DETAIL (stock_detail_code, stock_date, stock_type, qty, bigo, expiry_date, staff_id, stock_seq, product_code) VALUES ('SD175', TO_DATE('2026-02-15 10:00:00', 'YYYY-MM-DD HH24:MI:SS'), '입고', 35, '정기입고', TO_DATE('2026-11-07', 'YYYY-MM-DD'), 'ST02', 75, 'PR075');
INSERT INTO TBL_STOCK_DETAIL (stock_detail_code, stock_date, stock_type, qty, bigo, expiry_date, staff_id, stock_seq, product_code) VALUES ('SD176', TO_DATE('2026-06-28 00:00:00', 'YYYY-MM-DD HH24:MI:SS'), '폐기', 2, '유통기한 경과', TO_DATE('2026-06-27', 'YYYY-MM-DD'), 'ST02', 76, 'PR076');
INSERT INTO TBL_STOCK_DETAIL (stock_detail_code, stock_date, stock_type, qty, bigo, expiry_date, staff_id, stock_seq, product_code) VALUES ('SD177', TO_DATE('2026-06-28 00:00:00', 'YYYY-MM-DD HH24:MI:SS'), '입고', 30, '발주입고', TO_DATE('2027-12-31', 'YYYY-MM-DD'), 'ST02', 77, 'PR077');
INSERT INTO TBL_STOCK_DETAIL (stock_detail_code, stock_date, stock_type, qty, bigo, expiry_date, staff_id, stock_seq, product_code) VALUES ('SD178', TO_DATE('2026-06-28 00:00:00', 'YYYY-MM-DD HH24:MI:SS'), '출고', 4, '판매', TO_DATE('2027-11-15', 'YYYY-MM-DD'), 'ST02', 78, 'PR078');
INSERT INTO TBL_STOCK_DETAIL (stock_detail_code, stock_date, stock_type, qty, bigo, expiry_date, staff_id, stock_seq, product_code) VALUES ('SD179', TO_DATE('2026-06-28 00:00:00', 'YYYY-MM-DD HH24:MI:SS'), '반품입고', 2, '고객반품', TO_DATE('2027-10-30', 'YYYY-MM-DD'), 'ST02', 79, 'PR079');
INSERT INTO TBL_STOCK_DETAIL (stock_detail_code, stock_date, stock_type, qty, bigo, expiry_date, staff_id, stock_seq, product_code) VALUES ('SD180', TO_DATE('2026-06-29 00:00:00', 'YYYY-MM-DD HH24:MI:SS'), '출고', 6, '판매', TO_DATE('2027-09-15', 'YYYY-MM-DD'), 'ST02', 80, 'PR080');
INSERT INTO TBL_STOCK_DETAIL (stock_detail_code, stock_date, stock_type, qty, bigo, expiry_date, staff_id, stock_seq, product_code) VALUES ('SD181', TO_DATE('2026-06-29 00:00:00', 'YYYY-MM-DD HH24:MI:SS'), '재고조정', 1, '재고실사', TO_DATE('2027-11-25', 'YYYY-MM-DD'), 'ST02', 81, 'PR081');
INSERT INTO TBL_STOCK_DETAIL (stock_detail_code, stock_date, stock_type, qty, bigo, expiry_date, staff_id, stock_seq, product_code) VALUES ('SD182', TO_DATE('2026-06-29 00:00:00', 'YYYY-MM-DD HH24:MI:SS'), '입고', 25, '발주입고', TO_DATE('2028-01-15', 'YYYY-MM-DD'), 'ST02', 82, 'PR082');
INSERT INTO TBL_STOCK_DETAIL (stock_detail_code, stock_date, stock_type, qty, bigo, expiry_date, staff_id, stock_seq, product_code) VALUES ('SD183', TO_DATE('2026-06-29 00:00:00', 'YYYY-MM-DD HH24:MI:SS'), '출고', 5, '판매', TO_DATE('2027-10-18', 'YYYY-MM-DD'), 'ST02', 83, 'PR083');
INSERT INTO TBL_STOCK_DETAIL (stock_detail_code, stock_date, stock_type, qty, bigo, expiry_date, staff_id, stock_seq, product_code) VALUES ('SD184', TO_DATE('2026-06-29 00:00:00', 'YYYY-MM-DD HH24:MI:SS'), '폐기', 1, '파손', TO_DATE('2026-06-29', 'YYYY-MM-DD'), 'ST02', 84, 'PR084');
INSERT INTO TBL_STOCK_DETAIL (stock_detail_code, stock_date, stock_type, qty, bigo, expiry_date, staff_id, stock_seq, product_code) VALUES ('SD185', TO_DATE('2026-06-30 00:00:00', 'YYYY-MM-DD HH24:MI:SS'), '출고', 3, '판매', TO_DATE('2027-12-20', 'YYYY-MM-DD'), 'ST02', 85, 'PR085');
INSERT INTO TBL_STOCK_DETAIL (stock_detail_code, stock_date, stock_type, qty, bigo, expiry_date, staff_id, stock_seq, product_code) VALUES ('SD186', TO_DATE('2026-06-30 00:00:00', 'YYYY-MM-DD HH24:MI:SS'), '입고', 40, '발주입고', TO_DATE('2028-02-10', 'YYYY-MM-DD'), 'ST02', 86, 'PR086');
INSERT INTO TBL_STOCK_DETAIL (stock_detail_code, stock_date, stock_type, qty, bigo, expiry_date, staff_id, stock_seq, product_code) VALUES ('SD187', TO_DATE('2026-06-30 00:00:00', 'YYYY-MM-DD HH24:MI:SS'), '출고', 7, '판매', TO_DATE('2027-09-28', 'YYYY-MM-DD'), 'ST02', 87, 'PR087');
INSERT INTO TBL_STOCK_DETAIL (stock_detail_code, stock_date, stock_type, qty, bigo, expiry_date, staff_id, stock_seq, product_code) VALUES ('SD188', TO_DATE('2026-06-30 00:00:00', 'YYYY-MM-DD HH24:MI:SS'), '반품입고', 1, '고객반품', TO_DATE('2027-10-15', 'YYYY-MM-DD'), 'ST02', 88, 'PR088');
INSERT INTO TBL_STOCK_DETAIL (stock_detail_code, stock_date, stock_type, qty, bigo, expiry_date, staff_id, stock_seq, product_code) VALUES ('SD189', TO_DATE('2026-07-01 00:00:00', 'YYYY-MM-DD HH24:MI:SS'), '출고', 4, '판매', TO_DATE('2027-11-30', 'YYYY-MM-DD'), 'ST02', 89, 'PR089');
INSERT INTO TBL_STOCK_DETAIL (stock_detail_code, stock_date, stock_type, qty, bigo, expiry_date, staff_id, stock_seq, product_code) VALUES ('SD190', TO_DATE('2026-07-01 00:00:00', 'YYYY-MM-DD HH24:MI:SS'), '입고', 20, '발주입고', TO_DATE('2028-01-25', 'YYYY-MM-DD'), 'ST02', 90, 'PR090');
INSERT INTO TBL_STOCK_DETAIL (stock_detail_code, stock_date, stock_type, qty, bigo, expiry_date, staff_id, stock_seq, product_code) VALUES ('SD191', TO_DATE('2026-07-01 00:00:00', 'YYYY-MM-DD HH24:MI:SS'), '출고', 2, '판매', TO_DATE('2027-10-10', 'YYYY-MM-DD'), 'ST02', 91, 'PR091');
INSERT INTO TBL_STOCK_DETAIL (stock_detail_code, stock_date, stock_type, qty, bigo, expiry_date, staff_id, stock_seq, product_code) VALUES ('SD192', TO_DATE('2026-07-01 00:00:00', 'YYYY-MM-DD HH24:MI:SS'), '폐기', 2, '유통기한 경과', TO_DATE('2026-07-01', 'YYYY-MM-DD'), 'ST02', 92, 'PR092');
INSERT INTO TBL_STOCK_DETAIL (stock_detail_code, stock_date, stock_type, qty, bigo, expiry_date, staff_id, stock_seq, product_code) VALUES ('SD193', TO_DATE('2026-07-02 00:00:00', 'YYYY-MM-DD HH24:MI:SS'), '입고', 35, '발주입고', TO_DATE('2028-03-05', 'YYYY-MM-DD'), 'ST02', 93, 'PR093');
INSERT INTO TBL_STOCK_DETAIL (stock_detail_code, stock_date, stock_type, qty, bigo, expiry_date, staff_id, stock_seq, product_code) VALUES ('SD194', TO_DATE('2026-07-02 00:00:00', 'YYYY-MM-DD HH24:MI:SS'), '출고', 6, '판매', TO_DATE('2027-12-10', 'YYYY-MM-DD'), 'ST02', 94, 'PR094');
INSERT INTO TBL_STOCK_DETAIL (stock_detail_code, stock_date, stock_type, qty, bigo, expiry_date, staff_id, stock_seq, product_code) VALUES ('SD195', TO_DATE('2026-07-02 00:00:00', 'YYYY-MM-DD HH24:MI:SS'), '재고조정', 2, '재고실사', TO_DATE('2027-11-22', 'YYYY-MM-DD'), 'ST02', 95, 'PR095');
INSERT INTO TBL_STOCK_DETAIL (stock_detail_code, stock_date, stock_type, qty, bigo, expiry_date, staff_id, stock_seq, product_code) VALUES ('SD196', TO_DATE('2026-07-03 00:00:00', 'YYYY-MM-DD HH24:MI:SS'), '출고', 3, '판매', TO_DATE('2027-09-30', 'YYYY-MM-DD'), 'ST02', 96, 'PR096');
INSERT INTO TBL_STOCK_DETAIL (stock_detail_code, stock_date, stock_type, qty, bigo, expiry_date, staff_id, stock_seq, product_code) VALUES ('SD197', TO_DATE('2026-07-03 00:00:00', 'YYYY-MM-DD HH24:MI:SS'), '입고', 50, '발주입고', TO_DATE('2028-04-01', 'YYYY-MM-DD'), 'ST02', 97, 'PR097');
INSERT INTO TBL_STOCK_DETAIL (stock_detail_code, stock_date, stock_type, qty, bigo, expiry_date, staff_id, stock_seq, product_code) VALUES ('SD198', TO_DATE('2026-07-03 00:00:00', 'YYYY-MM-DD HH24:MI:SS'), '출고', 5, '판매', TO_DATE('2027-12-18', 'YYYY-MM-DD'), 'ST02', 98, 'PR098');
INSERT INTO TBL_STOCK_DETAIL (stock_detail_code, stock_date, stock_type, qty, bigo, expiry_date, staff_id, stock_seq, product_code) VALUES ('SD199', TO_DATE('2026-07-04 00:00:00', 'YYYY-MM-DD HH24:MI:SS'), '반품입고', 2, '거래처반품', TO_DATE('2027-10-28', 'YYYY-MM-DD'), 'ST02', 99, 'PR099');
INSERT INTO TBL_STOCK_DETAIL (stock_detail_code, stock_date, stock_type, qty, bigo, expiry_date, staff_id, stock_seq, product_code) VALUES ('SD200', TO_DATE('2026-07-04 00:00:00', 'YYYY-MM-DD HH24:MI:SS'), '폐기', 1, '파손', TO_DATE('2026-07-04', 'YYYY-MM-DD'), 'ST02', 100, 'PR100');

-- TBL_ORDER
INSERT INTO TBL_ORDER (order_id, order_date, order_status, staff_id, vendor_code) VALUES ('OR01', TO_DATE('2026-01-03', 'YYYY-MM-DD'), '완료', 'ST01', 'VE01');
INSERT INTO TBL_ORDER (order_id, order_date, order_status, staff_id, vendor_code) VALUES ('OR02', TO_DATE('2026-01-05', 'YYYY-MM-DD'), '완료', 'ST01', 'VE02');
INSERT INTO TBL_ORDER (order_id, order_date, order_status, staff_id, vendor_code) VALUES ('OR03', TO_DATE('2026-01-08', 'YYYY-MM-DD'), '완료', 'ST01', 'VE03');
INSERT INTO TBL_ORDER (order_id, order_date, order_status, staff_id, vendor_code) VALUES ('OR04', TO_DATE('2026-01-12', 'YYYY-MM-DD'), '완료', 'ST02', 'VE04');
INSERT INTO TBL_ORDER (order_id, order_date, order_status, staff_id, vendor_code) VALUES ('OR05', TO_DATE('2026-01-15', 'YYYY-MM-DD'), '완료', 'ST01', 'VE05');
INSERT INTO TBL_ORDER (order_id, order_date, order_status, staff_id, vendor_code) VALUES ('OR06', TO_DATE('2026-01-18', 'YYYY-MM-DD'), '완료', 'ST03', 'VE06');
INSERT INTO TBL_ORDER (order_id, order_date, order_status, staff_id, vendor_code) VALUES ('OR07', TO_DATE('2026-01-20', 'YYYY-MM-DD'), '완료', 'ST01', 'VE07');
INSERT INTO TBL_ORDER (order_id, order_date, order_status, staff_id, vendor_code) VALUES ('OR08', TO_DATE('2026-01-23', 'YYYY-MM-DD'), '완료', 'ST04', 'VE08');
INSERT INTO TBL_ORDER (order_id, order_date, order_status, staff_id, vendor_code) VALUES ('OR09', TO_DATE('2026-01-26', 'YYYY-MM-DD'), '완료', 'ST01', 'VE09');
INSERT INTO TBL_ORDER (order_id, order_date, order_status, staff_id, vendor_code) VALUES ('OR10', TO_DATE('2026-01-29', 'YYYY-MM-DD'), '완료', 'ST01', 'VE10');
INSERT INTO TBL_ORDER (order_id, order_date, order_status, staff_id, vendor_code) VALUES ('OR11', TO_DATE('2026-02-02', 'YYYY-MM-DD'), '완료', 'ST02', 'VE01');
INSERT INTO TBL_ORDER (order_id, order_date, order_status, staff_id, vendor_code) VALUES ('OR12', TO_DATE('2026-02-05', 'YYYY-MM-DD'), '완료', 'ST01', 'VE02');
INSERT INTO TBL_ORDER (order_id, order_date, order_status, staff_id, vendor_code) VALUES ('OR13', TO_DATE('2026-02-08', 'YYYY-MM-DD'), '완료', 'ST03', 'VE03');
INSERT INTO TBL_ORDER (order_id, order_date, order_status, staff_id, vendor_code) VALUES ('OR14', TO_DATE('2026-02-11', 'YYYY-MM-DD'), '완료', 'ST01', 'VE04');
INSERT INTO TBL_ORDER (order_id, order_date, order_status, staff_id, vendor_code) VALUES ('OR15', TO_DATE('2026-02-14', 'YYYY-MM-DD'), '완료', 'ST04', 'VE05');
INSERT INTO TBL_ORDER (order_id, order_date, order_status, staff_id, vendor_code) VALUES ('OR16', TO_DATE('2026-02-17', 'YYYY-MM-DD'), '완료', 'ST01', 'VE06');
INSERT INTO TBL_ORDER (order_id, order_date, order_status, staff_id, vendor_code) VALUES ('OR17', TO_DATE('2026-02-20', 'YYYY-MM-DD'), '완료', 'ST01', 'VE07');
INSERT INTO TBL_ORDER (order_id, order_date, order_status, staff_id, vendor_code) VALUES ('OR18', TO_DATE('2026-02-23', 'YYYY-MM-DD'), '완료', 'ST02', 'VE08');
INSERT INTO TBL_ORDER (order_id, order_date, order_status, staff_id, vendor_code) VALUES ('OR19', TO_DATE('2026-02-26', 'YYYY-MM-DD'), '완료', 'ST01', 'VE09');
INSERT INTO TBL_ORDER (order_id, order_date, order_status, staff_id, vendor_code) VALUES ('OR20', TO_DATE('2026-02-28', 'YYYY-MM-DD'), '완료', 'ST03', 'VE10');
INSERT INTO TBL_ORDER (order_id, order_date, order_status, staff_id, vendor_code) VALUES ('OR21', TO_DATE('2026-03-03', 'YYYY-MM-DD'), '완료', 'ST01', 'VE01');
INSERT INTO TBL_ORDER (order_id, order_date, order_status, staff_id, vendor_code) VALUES ('OR22', TO_DATE('2026-03-06', 'YYYY-MM-DD'), '완료', 'ST01', 'VE02');
INSERT INTO TBL_ORDER (order_id, order_date, order_status, staff_id, vendor_code) VALUES ('OR23', TO_DATE('2026-03-09', 'YYYY-MM-DD'), '완료', 'ST04', 'VE03');
INSERT INTO TBL_ORDER (order_id, order_date, order_status, staff_id, vendor_code) VALUES ('OR24', TO_DATE('2026-03-12', 'YYYY-MM-DD'), '완료', 'ST01', 'VE04');
INSERT INTO TBL_ORDER (order_id, order_date, order_status, staff_id, vendor_code) VALUES ('OR25', TO_DATE('2026-03-15', 'YYYY-MM-DD'), '완료', 'ST02', 'VE05');
INSERT INTO TBL_ORDER (order_id, order_date, order_status, staff_id, vendor_code) VALUES ('OR26', TO_DATE('2026-03-18', 'YYYY-MM-DD'), '완료', 'ST01', 'VE06');
INSERT INTO TBL_ORDER (order_id, order_date, order_status, staff_id, vendor_code) VALUES ('OR27', TO_DATE('2026-03-21', 'YYYY-MM-DD'), '완료', 'ST03', 'VE07');
INSERT INTO TBL_ORDER (order_id, order_date, order_status, staff_id, vendor_code) VALUES ('OR28', TO_DATE('2026-03-24', 'YYYY-MM-DD'), '완료', 'ST01', 'VE08');
INSERT INTO TBL_ORDER (order_id, order_date, order_status, staff_id, vendor_code) VALUES ('OR29', TO_DATE('2026-03-27', 'YYYY-MM-DD'), '완료', 'ST01', 'VE09');
INSERT INTO TBL_ORDER (order_id, order_date, order_status, staff_id, vendor_code) VALUES ('OR30', TO_DATE('2026-03-30', 'YYYY-MM-DD'), '완료', 'ST04', 'VE10');
INSERT INTO TBL_ORDER (order_id, order_date, order_status, staff_id, vendor_code) VALUES ('OR31', TO_DATE('2026-04-02', 'YYYY-MM-DD'), '완료', 'ST01', 'VE01');
INSERT INTO TBL_ORDER (order_id, order_date, order_status, staff_id, vendor_code) VALUES ('OR32', TO_DATE('2026-04-05', 'YYYY-MM-DD'), '완료', 'ST02', 'VE02');
INSERT INTO TBL_ORDER (order_id, order_date, order_status, staff_id, vendor_code) VALUES ('OR33', TO_DATE('2026-04-08', 'YYYY-MM-DD'), '완료', 'ST01', 'VE03');
INSERT INTO TBL_ORDER (order_id, order_date, order_status, staff_id, vendor_code) VALUES ('OR34', TO_DATE('2026-04-11', 'YYYY-MM-DD'), '완료', 'ST03', 'VE04');
INSERT INTO TBL_ORDER (order_id, order_date, order_status, staff_id, vendor_code) VALUES ('OR35', TO_DATE('2026-04-14', 'YYYY-MM-DD'), '완료', 'ST01', 'VE05');
INSERT INTO TBL_ORDER (order_id, order_date, order_status, staff_id, vendor_code) VALUES ('OR36', TO_DATE('2026-04-17', 'YYYY-MM-DD'), '완료', 'ST04', 'VE06');
INSERT INTO TBL_ORDER (order_id, order_date, order_status, staff_id, vendor_code) VALUES ('OR37', TO_DATE('2026-04-20', 'YYYY-MM-DD'), '완료', 'ST01', 'VE07');
INSERT INTO TBL_ORDER (order_id, order_date, order_status, staff_id, vendor_code) VALUES ('OR38', TO_DATE('2026-04-23', 'YYYY-MM-DD'), '완료', 'ST02', 'VE08');
INSERT INTO TBL_ORDER (order_id, order_date, order_status, staff_id, vendor_code) VALUES ('OR39', TO_DATE('2026-04-26', 'YYYY-MM-DD'), '완료', 'ST01', 'VE09');
INSERT INTO TBL_ORDER (order_id, order_date, order_status, staff_id, vendor_code) VALUES ('OR40', TO_DATE('2026-04-29', 'YYYY-MM-DD'), '완료', 'ST01', 'VE10');
INSERT INTO TBL_ORDER (order_id, order_date, order_status, staff_id, vendor_code) VALUES ('OR41', TO_DATE('2026-05-03', 'YYYY-MM-DD'), '완료', 'ST01', 'VE01');
INSERT INTO TBL_ORDER (order_id, order_date, order_status, staff_id, vendor_code) VALUES ('OR42', TO_DATE('2026-05-06', 'YYYY-MM-DD'), '완료', 'ST02', 'VE02');
INSERT INTO TBL_ORDER (order_id, order_date, order_status, staff_id, vendor_code) VALUES ('OR43', TO_DATE('2026-05-09', 'YYYY-MM-DD'), '완료', 'ST01', 'VE03');
INSERT INTO TBL_ORDER (order_id, order_date, order_status, staff_id, vendor_code) VALUES ('OR44', TO_DATE('2026-05-12', 'YYYY-MM-DD'), '완료', 'ST03', 'VE04');
INSERT INTO TBL_ORDER (order_id, order_date, order_status, staff_id, vendor_code) VALUES ('OR45', TO_DATE('2026-05-15', 'YYYY-MM-DD'), '완료', 'ST01', 'VE05');
INSERT INTO TBL_ORDER (order_id, order_date, order_status, staff_id, vendor_code) VALUES ('OR46', TO_DATE('2026-05-18', 'YYYY-MM-DD'), '완료', 'ST04', 'VE06');
INSERT INTO TBL_ORDER (order_id, order_date, order_status, staff_id, vendor_code) VALUES ('OR47', TO_DATE('2026-05-21', 'YYYY-MM-DD'), '완료', 'ST01', 'VE07');
INSERT INTO TBL_ORDER (order_id, order_date, order_status, staff_id, vendor_code) VALUES ('OR48', TO_DATE('2026-05-24', 'YYYY-MM-DD'), '완료', 'ST02', 'VE08');
INSERT INTO TBL_ORDER (order_id, order_date, order_status, staff_id, vendor_code) VALUES ('OR49', TO_DATE('2026-05-27', 'YYYY-MM-DD'), '완료', 'ST01', 'VE09');
INSERT INTO TBL_ORDER (order_id, order_date, order_status, staff_id, vendor_code) VALUES ('OR50', TO_DATE('2026-05-30', 'YYYY-MM-DD'), '완료', 'ST01', 'VE10');
INSERT INTO TBL_ORDER (order_id, order_date, order_status, staff_id, vendor_code) VALUES ('OR51', TO_DATE('2026-06-03', 'YYYY-MM-DD'), '완료', 'ST01', 'VE01');
INSERT INTO TBL_ORDER (order_id, order_date, order_status, staff_id, vendor_code) VALUES ('OR52', TO_DATE('2026-06-06', 'YYYY-MM-DD'), '완료', 'ST02', 'VE02');
INSERT INTO TBL_ORDER (order_id, order_date, order_status, staff_id, vendor_code) VALUES ('OR53', TO_DATE('2026-06-09', 'YYYY-MM-DD'), '완료', 'ST03', 'VE03');
INSERT INTO TBL_ORDER (order_id, order_date, order_status, staff_id, vendor_code) VALUES ('OR54', TO_DATE('2026-06-12', 'YYYY-MM-DD'), '완료', 'ST01', 'VE04');
INSERT INTO TBL_ORDER (order_id, order_date, order_status, staff_id, vendor_code) VALUES ('OR55', TO_DATE('2026-06-15', 'YYYY-MM-DD'), '완료', 'ST04', 'VE05');
INSERT INTO TBL_ORDER (order_id, order_date, order_status, staff_id, vendor_code) VALUES ('OR56', TO_DATE('2026-06-18', 'YYYY-MM-DD'), '완료', 'ST01', 'VE06');
INSERT INTO TBL_ORDER (order_id, order_date, order_status, staff_id, vendor_code) VALUES ('OR57', TO_DATE('2026-06-21', 'YYYY-MM-DD'), '완료', 'ST02', 'VE07');
INSERT INTO TBL_ORDER (order_id, order_date, order_status, staff_id, vendor_code) VALUES ('OR58', TO_DATE('2026-06-24', 'YYYY-MM-DD'), '완료', 'ST03', 'VE08');
INSERT INTO TBL_ORDER (order_id, order_date, order_status, staff_id, vendor_code) VALUES ('OR59', TO_DATE('2026-06-28', 'YYYY-MM-DD'), '진행중', 'ST01', 'VE09');
INSERT INTO TBL_ORDER (order_id, order_date, order_status, staff_id, vendor_code) VALUES ('OR60', TO_DATE('2026-06-29', 'YYYY-MM-DD'), '진행중', 'ST01', 'VE10');

-- TBL_ORDER_DETAIL
INSERT INTO TBL_ORDER_DETAIL (order_detail_id, order_id, product_code, price, qty) VALUES ('OD001', 'OR01', 'PR001', 1200, 30);
INSERT INTO TBL_ORDER_DETAIL (order_detail_id, order_id, product_code, price, qty) VALUES ('OD002', 'OR01', 'PR002', 900, 40);
INSERT INTO TBL_ORDER_DETAIL (order_detail_id, order_id, product_code, price, qty) VALUES ('OD003', 'OR01', 'PR003', 700, 50);
INSERT INTO TBL_ORDER_DETAIL (order_detail_id, order_id, product_code, price, qty) VALUES ('OD004', 'OR02', 'PR004', 1500, 25);
INSERT INTO TBL_ORDER_DETAIL (order_detail_id, order_id, product_code, price, qty) VALUES ('OD005', 'OR02', 'PR005', 1100, 35);
INSERT INTO TBL_ORDER_DETAIL (order_detail_id, order_id, product_code, price, qty) VALUES ('OD006', 'OR03', 'PR006', 800, 60);
INSERT INTO TBL_ORDER_DETAIL (order_detail_id, order_id, product_code, price, qty) VALUES ('OD007', 'OR03', 'PR007', 950, 40);
INSERT INTO TBL_ORDER_DETAIL (order_detail_id, order_id, product_code, price, qty) VALUES ('OD008', 'OR03', 'PR008', 1300, 20);
INSERT INTO TBL_ORDER_DETAIL (order_detail_id, order_id, product_code, price, qty) VALUES ('OD009', 'OR04', 'PR009', 1000, 50);
INSERT INTO TBL_ORDER_DETAIL (order_detail_id, order_id, product_code, price, qty) VALUES ('OD010', 'OR04', 'PR010', 1800, 20);
INSERT INTO TBL_ORDER_DETAIL (order_detail_id, order_id, product_code, price, qty) VALUES ('OD011', 'OR05', 'PR011', 900, 30);
INSERT INTO TBL_ORDER_DETAIL (order_detail_id, order_id, product_code, price, qty) VALUES ('OD012', 'OR05', 'PR012', 1100, 30);
INSERT INTO TBL_ORDER_DETAIL (order_detail_id, order_id, product_code, price, qty) VALUES ('OD013', 'OR06', 'PR013', 700, 70);
INSERT INTO TBL_ORDER_DETAIL (order_detail_id, order_id, product_code, price, qty) VALUES ('OD014', 'OR06', 'PR014', 1500, 20);
INSERT INTO TBL_ORDER_DETAIL (order_detail_id, order_id, product_code, price, qty) VALUES ('OD015', 'OR07', 'PR015', 1300, 30);
INSERT INTO TBL_ORDER_DETAIL (order_detail_id, order_id, product_code, price, qty) VALUES ('OD016', 'OR07', 'PR016', 1000, 40);
INSERT INTO TBL_ORDER_DETAIL (order_detail_id, order_id, product_code, price, qty) VALUES ('OD017', 'OR08', 'PR017', 900, 35);
INSERT INTO TBL_ORDER_DETAIL (order_detail_id, order_id, product_code, price, qty) VALUES ('OD018', 'OR08', 'PR018', 800, 50);
INSERT INTO TBL_ORDER_DETAIL (order_detail_id, order_id, product_code, price, qty) VALUES ('OD019', 'OR09', 'PR019', 1200, 30);
INSERT INTO TBL_ORDER_DETAIL (order_detail_id, order_id, product_code, price, qty) VALUES ('OD020', 'OR09', 'PR020', 1600, 25);
INSERT INTO TBL_ORDER_DETAIL (order_detail_id, order_id, product_code, price, qty) VALUES ('OD021', 'OR10', 'PR021', 950, 40);
INSERT INTO TBL_ORDER_DETAIL (order_detail_id, order_id, product_code, price, qty) VALUES ('OD022', 'OR10', 'PR022', 1100, 30);
INSERT INTO TBL_ORDER_DETAIL (order_detail_id, order_id, product_code, price, qty) VALUES ('OD023', 'OR11', 'PR023', 800, 50);
INSERT INTO TBL_ORDER_DETAIL (order_detail_id, order_id, product_code, price, qty) VALUES ('OD024', 'OR11', 'PR024', 1300, 25);
INSERT INTO TBL_ORDER_DETAIL (order_detail_id, order_id, product_code, price, qty) VALUES ('OD025', 'OR12', 'PR025', 1700, 20);
INSERT INTO TBL_ORDER_DETAIL (order_detail_id, order_id, product_code, price, qty) VALUES ('OD026', 'OR12', 'PR026', 1400, 25);
INSERT INTO TBL_ORDER_DETAIL (order_detail_id, order_id, product_code, price, qty) VALUES ('OD027', 'OR13', 'PR027', 900, 50);
INSERT INTO TBL_ORDER_DETAIL (order_detail_id, order_id, product_code, price, qty) VALUES ('OD028', 'OR13', 'PR028', 1000, 40);
INSERT INTO TBL_ORDER_DETAIL (order_detail_id, order_id, product_code, price, qty) VALUES ('OD029', 'OR14', 'PR029', 800, 60);
INSERT INTO TBL_ORDER_DETAIL (order_detail_id, order_id, product_code, price, qty) VALUES ('OD030', 'OR14', 'PR030', 1200, 30);
INSERT INTO TBL_ORDER_DETAIL (order_detail_id, order_id, product_code, price, qty) VALUES ('OD031', 'OR15', 'PR031', 900, 40);
INSERT INTO TBL_ORDER_DETAIL (order_detail_id, order_id, product_code, price, qty) VALUES ('OD032', 'OR15', 'PR032', 1100, 35);
INSERT INTO TBL_ORDER_DETAIL (order_detail_id, order_id, product_code, price, qty) VALUES ('OD033', 'OR16', 'PR033', 1400, 25);
INSERT INTO TBL_ORDER_DETAIL (order_detail_id, order_id, product_code, price, qty) VALUES ('OD034', 'OR16', 'PR034', 1500, 20);
INSERT INTO TBL_ORDER_DETAIL (order_detail_id, order_id, product_code, price, qty) VALUES ('OD035', 'OR17', 'PR035', 1000, 45);
INSERT INTO TBL_ORDER_DETAIL (order_detail_id, order_id, product_code, price, qty) VALUES ('OD036', 'OR17', 'PR036', 1200, 30);
INSERT INTO TBL_ORDER_DETAIL (order_detail_id, order_id, product_code, price, qty) VALUES ('OD037', 'OR18', 'PR037', 700, 70);
INSERT INTO TBL_ORDER_DETAIL (order_detail_id, order_id, product_code, price, qty) VALUES ('OD038', 'OR18', 'PR038', 900, 50);
INSERT INTO TBL_ORDER_DETAIL (order_detail_id, order_id, product_code, price, qty) VALUES ('OD039', 'OR19', 'PR039', 1100, 30);
INSERT INTO TBL_ORDER_DETAIL (order_detail_id, order_id, product_code, price, qty) VALUES ('OD040', 'OR19', 'PR040', 1300, 25);
INSERT INTO TBL_ORDER_DETAIL (order_detail_id, order_id, product_code, price, qty) VALUES ('OD041', 'OR20', 'PR041', 900, 40);
INSERT INTO TBL_ORDER_DETAIL (order_detail_id, order_id, product_code, price, qty) VALUES ('OD042', 'OR20', 'PR042', 1200, 30);
INSERT INTO TBL_ORDER_DETAIL (order_detail_id, order_id, product_code, price, qty) VALUES ('OD043', 'OR20', 'PR043', 700, 60);
INSERT INTO TBL_ORDER_DETAIL (order_detail_id, order_id, product_code, price, qty) VALUES ('OD044', 'OR21', 'PR044', 1500, 20);
INSERT INTO TBL_ORDER_DETAIL (order_detail_id, order_id, product_code, price, qty) VALUES ('OD045', 'OR21', 'PR045', 1000, 35);
INSERT INTO TBL_ORDER_DETAIL (order_detail_id, order_id, product_code, price, qty) VALUES ('OD046', 'OR22', 'PR046', 1300, 25);
INSERT INTO TBL_ORDER_DETAIL (order_detail_id, order_id, product_code, price, qty) VALUES ('OD047', 'OR22', 'PR047', 800, 50);
INSERT INTO TBL_ORDER_DETAIL (order_detail_id, order_id, product_code, price, qty) VALUES ('OD048', 'OR22', 'PR048', 900, 40);
INSERT INTO TBL_ORDER_DETAIL (order_detail_id, order_id, product_code, price, qty) VALUES ('OD049', 'OR23', 'PR049', 1100, 30);
INSERT INTO TBL_ORDER_DETAIL (order_detail_id, order_id, product_code, price, qty) VALUES ('OD050', 'OR23', 'PR050', 1400, 25);
INSERT INTO TBL_ORDER_DETAIL (order_detail_id, order_id, product_code, price, qty) VALUES ('OD051', 'OR24', 'PR051', 700, 70);
INSERT INTO TBL_ORDER_DETAIL (order_detail_id, order_id, product_code, price, qty) VALUES ('OD052', 'OR24', 'PR052', 1200, 30);
INSERT INTO TBL_ORDER_DETAIL (order_detail_id, order_id, product_code, price, qty) VALUES ('OD053', 'OR24', 'PR053', 1600, 20);
INSERT INTO TBL_ORDER_DETAIL (order_detail_id, order_id, product_code, price, qty) VALUES ('OD054', 'OR25', 'PR054', 900, 40);
INSERT INTO TBL_ORDER_DETAIL (order_detail_id, order_id, product_code, price, qty) VALUES ('OD055', 'OR25', 'PR055', 1300, 30);
INSERT INTO TBL_ORDER_DETAIL (order_detail_id, order_id, product_code, price, qty) VALUES ('OD056', 'OR26', 'PR056', 1000, 35);
INSERT INTO TBL_ORDER_DETAIL (order_detail_id, order_id, product_code, price, qty) VALUES ('OD057', 'OR26', 'PR057', 800, 60);
INSERT INTO TBL_ORDER_DETAIL (order_detail_id, order_id, product_code, price, qty) VALUES ('OD058', 'OR26', 'PR058', 1100, 30);
INSERT INTO TBL_ORDER_DETAIL (order_detail_id, order_id, product_code, price, qty) VALUES ('OD059', 'OR27', 'PR059', 1700, 20);
INSERT INTO TBL_ORDER_DETAIL (order_detail_id, order_id, product_code, price, qty) VALUES ('OD060', 'OR27', 'PR060', 900, 40);
INSERT INTO TBL_ORDER_DETAIL (order_detail_id, order_id, product_code, price, qty) VALUES ('OD061', 'OR28', 'PR061', 1000, 35);
INSERT INTO TBL_ORDER_DETAIL (order_detail_id, order_id, product_code, price, qty) VALUES ('OD062', 'OR28', 'PR062', 1200, 30);
INSERT INTO TBL_ORDER_DETAIL (order_detail_id, order_id, product_code, price, qty) VALUES ('OD063', 'OR28', 'PR063', 800, 60);
INSERT INTO TBL_ORDER_DETAIL (order_detail_id, order_id, product_code, price, qty) VALUES ('OD064', 'OR29', 'PR064', 1500, 20);
INSERT INTO TBL_ORDER_DETAIL (order_detail_id, order_id, product_code, price, qty) VALUES ('OD065', 'OR29', 'PR065', 1300, 25);
INSERT INTO TBL_ORDER_DETAIL (order_detail_id, order_id, product_code, price, qty) VALUES ('OD066', 'OR30', 'PR066', 900, 45);
INSERT INTO TBL_ORDER_DETAIL (order_detail_id, order_id, product_code, price, qty) VALUES ('OD067', 'OR30', 'PR067', 1100, 35);
INSERT INTO TBL_ORDER_DETAIL (order_detail_id, order_id, product_code, price, qty) VALUES ('OD068', 'OR30', 'PR068', 700, 70);
INSERT INTO TBL_ORDER_DETAIL (order_detail_id, order_id, product_code, price, qty) VALUES ('OD069', 'OR31', 'PR069', 1200, 30);
INSERT INTO TBL_ORDER_DETAIL (order_detail_id, order_id, product_code, price, qty) VALUES ('OD070', 'OR31', 'PR070', 1600, 20);
INSERT INTO TBL_ORDER_DETAIL (order_detail_id, order_id, product_code, price, qty) VALUES ('OD071', 'OR32', 'PR071', 1000, 40);
INSERT INTO TBL_ORDER_DETAIL (order_detail_id, order_id, product_code, price, qty) VALUES ('OD072', 'OR32', 'PR072', 800, 55);
INSERT INTO TBL_ORDER_DETAIL (order_detail_id, order_id, product_code, price, qty) VALUES ('OD073', 'OR33', 'PR073', 1400, 25);
INSERT INTO TBL_ORDER_DETAIL (order_detail_id, order_id, product_code, price, qty) VALUES ('OD074', 'OR33', 'PR074', 900, 45);
INSERT INTO TBL_ORDER_DETAIL (order_detail_id, order_id, product_code, price, qty) VALUES ('OD075', 'OR34', 'PR075', 1000, 40);
INSERT INTO TBL_ORDER_DETAIL (order_detail_id, order_id, product_code, price, qty) VALUES ('OD076', 'OR34', 'PR076', 1300, 30);
INSERT INTO TBL_ORDER_DETAIL (order_detail_id, order_id, product_code, price, qty) VALUES ('OD077', 'OR35', 'PR077', 700, 65);
INSERT INTO TBL_ORDER_DETAIL (order_detail_id, order_id, product_code, price, qty) VALUES ('OD078', 'OR35', 'PR078', 1200, 30);
INSERT INTO TBL_ORDER_DETAIL (order_detail_id, order_id, product_code, price, qty) VALUES ('OD079', 'OR35', 'PR079', 1500, 20);
INSERT INTO TBL_ORDER_DETAIL (order_detail_id, order_id, product_code, price, qty) VALUES ('OD080', 'OR36', 'PR080', 900, 50);
INSERT INTO TBL_ORDER_DETAIL (order_detail_id, order_id, product_code, price, qty) VALUES ('OD081', 'OR36', 'PR081', 1100, 35);
INSERT INTO TBL_ORDER_DETAIL (order_detail_id, order_id, product_code, price, qty) VALUES ('OD082', 'OR36', 'PR082', 900, 45);
INSERT INTO TBL_ORDER_DETAIL (order_detail_id, order_id, product_code, price, qty) VALUES ('OD083', 'OR37', 'PR083', 1000, 40);
INSERT INTO TBL_ORDER_DETAIL (order_detail_id, order_id, product_code, price, qty) VALUES ('OD084', 'OR37', 'PR084', 1400, 25);
INSERT INTO TBL_ORDER_DETAIL (order_detail_id, order_id, product_code, price, qty) VALUES ('OD085', 'OR37', 'PR085', 800, 60);
INSERT INTO TBL_ORDER_DETAIL (order_detail_id, order_id, product_code, price, qty) VALUES ('OD086', 'OR38', 'PR086', 1200, 30);
INSERT INTO TBL_ORDER_DETAIL (order_detail_id, order_id, product_code, price, qty) VALUES ('OD087', 'OR38', 'PR087', 1000, 40);
INSERT INTO TBL_ORDER_DETAIL (order_detail_id, order_id, product_code, price, qty) VALUES ('OD088', 'OR39', 'PR088', 1500, 20);
INSERT INTO TBL_ORDER_DETAIL (order_detail_id, order_id, product_code, price, qty) VALUES ('OD089', 'OR39', 'PR089', 900, 50);
INSERT INTO TBL_ORDER_DETAIL (order_detail_id, order_id, product_code, price, qty) VALUES ('OD090', 'OR39', 'PR090', 700, 70);
INSERT INTO TBL_ORDER_DETAIL (order_detail_id, order_id, product_code, price, qty) VALUES ('OD091', 'OR40', 'PR091', 1200, 30);
INSERT INTO TBL_ORDER_DETAIL (order_detail_id, order_id, product_code, price, qty) VALUES ('OD092', 'OR40', 'PR092', 1600, 20);
INSERT INTO TBL_ORDER_DETAIL (order_detail_id, order_id, product_code, price, qty) VALUES ('OD093', 'OR41', 'PR093', 900, 40);
INSERT INTO TBL_ORDER_DETAIL (order_detail_id, order_id, product_code, price, qty) VALUES ('OD094', 'OR41', 'PR094', 1100, 35);
INSERT INTO TBL_ORDER_DETAIL (order_detail_id, order_id, product_code, price, qty) VALUES ('OD095', 'OR41', 'PR095', 1400, 25);
INSERT INTO TBL_ORDER_DETAIL (order_detail_id, order_id, product_code, price, qty) VALUES ('OD096', 'OR42', 'PR096', 800, 60);
INSERT INTO TBL_ORDER_DETAIL (order_detail_id, order_id, product_code, price, qty) VALUES ('OD097', 'OR42', 'PR097', 1000, 40);
INSERT INTO TBL_ORDER_DETAIL (order_detail_id, order_id, product_code, price, qty) VALUES ('OD098', 'OR43', 'PR098', 1300, 30);
INSERT INTO TBL_ORDER_DETAIL (order_detail_id, order_id, product_code, price, qty) VALUES ('OD099', 'OR43', 'PR099', 900, 45);
INSERT INTO TBL_ORDER_DETAIL (order_detail_id, order_id, product_code, price, qty) VALUES ('OD100', 'OR43', 'PR100', 1700, 20);
INSERT INTO TBL_ORDER_DETAIL (order_detail_id, order_id, product_code, price, qty) VALUES ('OD101', 'OR44', 'PR001', 1200, 35);
INSERT INTO TBL_ORDER_DETAIL (order_detail_id, order_id, product_code, price, qty) VALUES ('OD102', 'OR44', 'PR002', 900, 50);
INSERT INTO TBL_ORDER_DETAIL (order_detail_id, order_id, product_code, price, qty) VALUES ('OD103', 'OR45', 'PR003', 700, 60);
INSERT INTO TBL_ORDER_DETAIL (order_detail_id, order_id, product_code, price, qty) VALUES ('OD104', 'OR45', 'PR004', 1500, 20);
INSERT INTO TBL_ORDER_DETAIL (order_detail_id, order_id, product_code, price, qty) VALUES ('OD105', 'OR45', 'PR005', 1100, 35);
INSERT INTO TBL_ORDER_DETAIL (order_detail_id, order_id, product_code, price, qty) VALUES ('OD106', 'OR46', 'PR006', 800, 70);
INSERT INTO TBL_ORDER_DETAIL (order_detail_id, order_id, product_code, price, qty) VALUES ('OD107', 'OR46', 'PR007', 950, 40);
INSERT INTO TBL_ORDER_DETAIL (order_detail_id, order_id, product_code, price, qty) VALUES ('OD108', 'OR47', 'PR008', 1300, 30);
INSERT INTO TBL_ORDER_DETAIL (order_detail_id, order_id, product_code, price, qty) VALUES ('OD109', 'OR47', 'PR009', 1000, 45);
INSERT INTO TBL_ORDER_DETAIL (order_detail_id, order_id, product_code, price, qty) VALUES ('OD110', 'OR47', 'PR010', 1800, 20);
INSERT INTO TBL_ORDER_DETAIL (order_detail_id, order_id, product_code, price, qty) VALUES ('OD111', 'OR48', 'PR011', 900, 35);
INSERT INTO TBL_ORDER_DETAIL (order_detail_id, order_id, product_code, price, qty) VALUES ('OD112', 'OR48', 'PR012', 1100, 30);
INSERT INTO TBL_ORDER_DETAIL (order_detail_id, order_id, product_code, price, qty) VALUES ('OD113', 'OR48', 'PR013', 700, 60);
INSERT INTO TBL_ORDER_DETAIL (order_detail_id, order_id, product_code, price, qty) VALUES ('OD114', 'OR49', 'PR014', 1500, 25);
INSERT INTO TBL_ORDER_DETAIL (order_detail_id, order_id, product_code, price, qty) VALUES ('OD115', 'OR49', 'PR015', 1300, 30);
INSERT INTO TBL_ORDER_DETAIL (order_detail_id, order_id, product_code, price, qty) VALUES ('OD116', 'OR49', 'PR016', 1000, 40);
INSERT INTO TBL_ORDER_DETAIL (order_detail_id, order_id, product_code, price, qty) VALUES ('OD117', 'OR50', 'PR017', 900, 45);
INSERT INTO TBL_ORDER_DETAIL (order_detail_id, order_id, product_code, price, qty) VALUES ('OD118', 'OR50', 'PR018', 800, 60);
INSERT INTO TBL_ORDER_DETAIL (order_detail_id, order_id, product_code, price, qty) VALUES ('OD119', 'OR50', 'PR019', 1200, 30);
INSERT INTO TBL_ORDER_DETAIL (order_detail_id, order_id, product_code, price, qty) VALUES ('OD120', 'OR50', 'PR020', 1600, 25);
INSERT INTO TBL_ORDER_DETAIL (order_detail_id, order_id, product_code, price, qty) VALUES ('OD121', 'OR51', 'PR021', 950, 40);
INSERT INTO TBL_ORDER_DETAIL (order_detail_id, order_id, product_code, price, qty) VALUES ('OD122', 'OR51', 'PR022', 1100, 35);
INSERT INTO TBL_ORDER_DETAIL (order_detail_id, order_id, product_code, price, qty) VALUES ('OD123', 'OR51', 'PR023', 800, 50);
INSERT INTO TBL_ORDER_DETAIL (order_detail_id, order_id, product_code, price, qty) VALUES ('OD124', 'OR51', 'PR024', 1300, 25);
INSERT INTO TBL_ORDER_DETAIL (order_detail_id, order_id, product_code, price, qty) VALUES ('OD125', 'OR52', 'PR025', 1700, 20);
INSERT INTO TBL_ORDER_DETAIL (order_detail_id, order_id, product_code, price, qty) VALUES ('OD126', 'OR52', 'PR026', 1400, 30);
INSERT INTO TBL_ORDER_DETAIL (order_detail_id, order_id, product_code, price, qty) VALUES ('OD127', 'OR52', 'PR027', 900, 45);
INSERT INTO TBL_ORDER_DETAIL (order_detail_id, order_id, product_code, price, qty) VALUES ('OD128', 'OR52', 'PR028', 1000, 40);
INSERT INTO TBL_ORDER_DETAIL (order_detail_id, order_id, product_code, price, qty) VALUES ('OD129', 'OR53', 'PR029', 800, 60);
INSERT INTO TBL_ORDER_DETAIL (order_detail_id, order_id, product_code, price, qty) VALUES ('OD130', 'OR53', 'PR030', 1200, 30);
INSERT INTO TBL_ORDER_DETAIL (order_detail_id, order_id, product_code, price, qty) VALUES ('OD131', 'OR53', 'PR031', 900, 35);
INSERT INTO TBL_ORDER_DETAIL (order_detail_id, order_id, product_code, price, qty) VALUES ('OD132', 'OR53', 'PR032', 1100, 40);
INSERT INTO TBL_ORDER_DETAIL (order_detail_id, order_id, product_code, price, qty) VALUES ('OD133', 'OR54', 'PR033', 1400, 25);
INSERT INTO TBL_ORDER_DETAIL (order_detail_id, order_id, product_code, price, qty) VALUES ('OD134', 'OR54', 'PR034', 1500, 20);
INSERT INTO TBL_ORDER_DETAIL (order_detail_id, order_id, product_code, price, qty) VALUES ('OD135', 'OR54', 'PR035', 1000, 45);
INSERT INTO TBL_ORDER_DETAIL (order_detail_id, order_id, product_code, price, qty) VALUES ('OD136', 'OR54', 'PR036', 1200, 30);
INSERT INTO TBL_ORDER_DETAIL (order_detail_id, order_id, product_code, price, qty) VALUES ('OD137', 'OR55', 'PR037', 700, 70);
INSERT INTO TBL_ORDER_DETAIL (order_detail_id, order_id, product_code, price, qty) VALUES ('OD138', 'OR55', 'PR038', 900, 50);
INSERT INTO TBL_ORDER_DETAIL (order_detail_id, order_id, product_code, price, qty) VALUES ('OD139', 'OR55', 'PR039', 1100, 30);
INSERT INTO TBL_ORDER_DETAIL (order_detail_id, order_id, product_code, price, qty) VALUES ('OD140', 'OR55', 'PR040', 1300, 25);
INSERT INTO TBL_ORDER_DETAIL (order_detail_id, order_id, product_code, price, qty) VALUES ('OD141', 'OR56', 'PR041', 900, 45);
INSERT INTO TBL_ORDER_DETAIL (order_detail_id, order_id, product_code, price, qty) VALUES ('OD142', 'OR56', 'PR042', 1200, 35);
INSERT INTO TBL_ORDER_DETAIL (order_detail_id, order_id, product_code, price, qty) VALUES ('OD143', 'OR56', 'PR043', 700, 60);
INSERT INTO TBL_ORDER_DETAIL (order_detail_id, order_id, product_code, price, qty) VALUES ('OD144', 'OR56', 'PR044', 1500, 20);
INSERT INTO TBL_ORDER_DETAIL (order_detail_id, order_id, product_code, price, qty) VALUES ('OD145', 'OR57', 'PR045', 1000, 35);
INSERT INTO TBL_ORDER_DETAIL (order_detail_id, order_id, product_code, price, qty) VALUES ('OD146', 'OR57', 'PR046', 1300, 25);
INSERT INTO TBL_ORDER_DETAIL (order_detail_id, order_id, product_code, price, qty) VALUES ('OD147', 'OR57', 'PR047', 800, 55);
INSERT INTO TBL_ORDER_DETAIL (order_detail_id, order_id, product_code, price, qty) VALUES ('OD148', 'OR57', 'PR048', 900, 45);
INSERT INTO TBL_ORDER_DETAIL (order_detail_id, order_id, product_code, price, qty) VALUES ('OD149', 'OR58', 'PR049', 1100, 30);
INSERT INTO TBL_ORDER_DETAIL (order_detail_id, order_id, product_code, price, qty) VALUES ('OD150', 'OR58', 'PR050', 1400, 25);
INSERT INTO TBL_ORDER_DETAIL (order_detail_id, order_id, product_code, price, qty) VALUES ('OD151', 'OR58', 'PR051', 700, 65);
INSERT INTO TBL_ORDER_DETAIL (order_detail_id, order_id, product_code, price, qty) VALUES ('OD152', 'OR58', 'PR052', 1200, 30);
INSERT INTO TBL_ORDER_DETAIL (order_detail_id, order_id, product_code, price, qty) VALUES ('OD153', 'OR59', 'PR053', 1600, 20);
INSERT INTO TBL_ORDER_DETAIL (order_detail_id, order_id, product_code, price, qty) VALUES ('OD154', 'OR59', 'PR054', 900, 40);
INSERT INTO TBL_ORDER_DETAIL (order_detail_id, order_id, product_code, price, qty) VALUES ('OD155', 'OR59', 'PR055', 1300, 30);
INSERT INTO TBL_ORDER_DETAIL (order_detail_id, order_id, product_code, price, qty) VALUES ('OD156', 'OR59', 'PR056', 1000, 35);
INSERT INTO TBL_ORDER_DETAIL (order_detail_id, order_id, product_code, price, qty) VALUES ('OD157', 'OR60', 'PR057', 800, 60);
INSERT INTO TBL_ORDER_DETAIL (order_detail_id, order_id, product_code, price, qty) VALUES ('OD158', 'OR60', 'PR058', 1100, 35);
INSERT INTO TBL_ORDER_DETAIL (order_detail_id, order_id, product_code, price, qty) VALUES ('OD159', 'OR60', 'PR059', 1700, 20);
INSERT INTO TBL_ORDER_DETAIL (order_detail_id, order_id, product_code, price, qty) VALUES ('OD160', 'OR60', 'PR060', 900, 45);

-- TBL_SALE
INSERT INTO TBL_SALE (sale_id, staff_id, customer_id, sale_date) VALUES ('SA001', 'ST02', 'CU001', TO_DATE('2026-06-29 08:15:22', 'YYYY-MM-DD HH24:MI:SS'));
INSERT INTO TBL_SALE (sale_id, staff_id, customer_id, sale_date) VALUES ('SA002', 'ST02', 'CU002', TO_DATE('2026-06-29 08:42:11', 'YYYY-MM-DD HH24:MI:SS'));
INSERT INTO TBL_SALE (sale_id, staff_id, customer_id, sale_date) VALUES ('SA003', 'ST02', 'CU001', TO_DATE('2026-06-29 09:05:34', 'YYYY-MM-DD HH24:MI:SS'));
INSERT INTO TBL_SALE (sale_id, staff_id, customer_id, sale_date) VALUES ('SA004', 'ST02', 'CU003', TO_DATE('2026-06-29 09:30:15', 'YYYY-MM-DD HH24:MI:SS'));
INSERT INTO TBL_SALE (sale_id, staff_id, customer_id, sale_date) VALUES ('SA005', 'ST02', 'CU001', TO_DATE('2026-06-29 10:12:45', 'YYYY-MM-DD HH24:MI:SS'));
INSERT INTO TBL_SALE (sale_id, staff_id, customer_id, sale_date) VALUES ('SA006', 'ST02', 'CU004', TO_DATE('2026-06-29 10:45:19', 'YYYY-MM-DD HH24:MI:SS'));
INSERT INTO TBL_SALE (sale_id, staff_id, customer_id, sale_date) VALUES ('SA007', 'ST02', 'CU001', TO_DATE('2026-06-29 11:15:00', 'YYYY-MM-DD HH24:MI:SS'));
INSERT INTO TBL_SALE (sale_id, staff_id, customer_id, sale_date) VALUES ('SA008', 'ST02', 'CU005', TO_DATE('2026-06-29 11:38:24', 'YYYY-MM-DD HH24:MI:SS'));
INSERT INTO TBL_SALE (sale_id, staff_id, customer_id, sale_date) VALUES ('SA009', 'ST03', 'CU006', TO_DATE('2026-06-29 12:02:51', 'YYYY-MM-DD HH24:MI:SS'));
INSERT INTO TBL_SALE (sale_id, staff_id, customer_id, sale_date) VALUES ('SA010', 'ST03', 'CU001', TO_DATE('2026-06-29 12:30:10', 'YYYY-MM-DD HH24:MI:SS'));
INSERT INTO TBL_SALE (sale_id, staff_id, customer_id, sale_date) VALUES ('SA011', 'ST03', 'CU007', TO_DATE('2026-06-29 13:10:42', 'YYYY-MM-DD HH24:MI:SS'));
INSERT INTO TBL_SALE (sale_id, staff_id, customer_id, sale_date) VALUES ('SA012', 'ST03', 'CU001', TO_DATE('2026-06-29 13:45:55', 'YYYY-MM-DD HH24:MI:SS'));
INSERT INTO TBL_SALE (sale_id, staff_id, customer_id, sale_date) VALUES ('SA013', 'ST03', 'CU008', TO_DATE('2026-06-29 14:15:20', 'YYYY-MM-DD HH24:MI:SS'));
INSERT INTO TBL_SALE (sale_id, staff_id, customer_id, sale_date) VALUES ('SA014', 'ST03', 'CU009', TO_DATE('2026-06-29 14:48:31', 'YYYY-MM-DD HH24:MI:SS'));
INSERT INTO TBL_SALE (sale_id, staff_id, customer_id, sale_date) VALUES ('SA015', 'ST03', 'CU001', TO_DATE('2026-06-29 15:10:12', 'YYYY-MM-DD HH24:MI:SS'));
INSERT INTO TBL_SALE (sale_id, staff_id, customer_id, sale_date) VALUES ('SA016', 'ST03', 'CU010', TO_DATE('2026-06-29 15:32:44', 'YYYY-MM-DD HH24:MI:SS'));
INSERT INTO TBL_SALE (sale_id, staff_id, customer_id, sale_date) VALUES ('SA017', 'ST03', 'CU001', TO_DATE('2026-06-29 16:01:05', 'YYYY-MM-DD HH24:MI:SS'));
INSERT INTO TBL_SALE (sale_id, staff_id, customer_id, sale_date) VALUES ('SA018', 'ST03', 'CU011', TO_DATE('2026-06-29 16:25:39', 'YYYY-MM-DD HH24:MI:SS'));
INSERT INTO TBL_SALE (sale_id, staff_id, customer_id, sale_date) VALUES ('SA019', 'ST03', 'CU012', TO_DATE('2026-06-29 16:50:18', 'YYYY-MM-DD HH24:MI:SS'));
INSERT INTO TBL_SALE (sale_id, staff_id, customer_id, sale_date) VALUES ('SA020', 'ST03', 'CU001', TO_DATE('2026-06-29 17:15:42', 'YYYY-MM-DD HH24:MI:SS'));
INSERT INTO TBL_SALE (sale_id, staff_id, customer_id, sale_date) VALUES ('SA021', 'ST03', 'CU013', TO_DATE('2026-06-29 17:40:29', 'YYYY-MM-DD HH24:MI:SS'));
INSERT INTO TBL_SALE (sale_id, staff_id, customer_id, sale_date) VALUES ('SA022', 'ST04', 'CU001', TO_DATE('2026-06-29 18:05:11', 'YYYY-MM-DD HH24:MI:SS'));
INSERT INTO TBL_SALE (sale_id, staff_id, customer_id, sale_date) VALUES ('SA023', 'ST04', 'CU014', TO_DATE('2026-06-29 18:30:54', 'YYYY-MM-DD HH24:MI:SS'));
INSERT INTO TBL_SALE (sale_id, staff_id, customer_id, sale_date) VALUES ('SA024', 'ST04', 'CU015', TO_DATE('2026-06-29 18:55:02', 'YYYY-MM-DD HH24:MI:SS'));
INSERT INTO TBL_SALE (sale_id, staff_id, customer_id, sale_date) VALUES ('SA025', 'ST04', 'CU001', TO_DATE('2026-06-29 19:18:37', 'YYYY-MM-DD HH24:MI:SS'));
INSERT INTO TBL_SALE (sale_id, staff_id, customer_id, sale_date) VALUES ('SA026', 'ST04', 'CU016', TO_DATE('2026-06-29 19:42:15', 'YYYY-MM-DD HH24:MI:SS'));
INSERT INTO TBL_SALE (sale_id, staff_id, customer_id, sale_date) VALUES ('SA027', 'ST04', 'CU001', TO_DATE('2026-06-29 20:05:59', 'YYYY-MM-DD HH24:MI:SS'));
INSERT INTO TBL_SALE (sale_id, staff_id, customer_id, sale_date) VALUES ('SA028', 'ST04', 'CU017', TO_DATE('2026-06-29 20:30:21', 'YYYY-MM-DD HH24:MI:SS'));
INSERT INTO TBL_SALE (sale_id, staff_id, customer_id, sale_date) VALUES ('SA029', 'ST04', 'CU018', TO_DATE('2026-06-29 20:52:44', 'YYYY-MM-DD HH24:MI:SS'));
INSERT INTO TBL_SALE (sale_id, staff_id, customer_id, sale_date) VALUES ('SA030', 'ST04', 'CU001', TO_DATE('2026-06-29 21:15:10', 'YYYY-MM-DD HH24:MI:SS'));
INSERT INTO TBL_SALE (sale_id, staff_id, customer_id, sale_date) VALUES ('SA031', 'ST04', 'CU002', TO_DATE('2026-06-29 21:38:33', 'YYYY-MM-DD HH24:MI:SS'));
INSERT INTO TBL_SALE (sale_id, staff_id, customer_id, sale_date) VALUES ('SA032', 'ST04', 'CU003', TO_DATE('2026-06-29 22:02:12', 'YYYY-MM-DD HH24:MI:SS'));
INSERT INTO TBL_SALE (sale_id, staff_id, customer_id, sale_date) VALUES ('SA033', 'ST04', 'CU001', TO_DATE('2026-06-29 22:25:50', 'YYYY-MM-DD HH24:MI:SS'));
INSERT INTO TBL_SALE (sale_id, staff_id, customer_id, sale_date) VALUES ('SA034', 'ST04', 'CU005', TO_DATE('2026-06-29 22:50:19', 'YYYY-MM-DD HH24:MI:SS'));
INSERT INTO TBL_SALE (sale_id, staff_id, customer_id, sale_date) VALUES ('SA035', 'ST04', 'CU001', TO_DATE('2026-06-29 23:15:04', 'YYYY-MM-DD HH24:MI:SS'));
INSERT INTO TBL_SALE (sale_id, staff_id, customer_id, sale_date) VALUES ('SA036', 'ST04', 'CU007', TO_DATE('2026-06-29 23:42:41', 'YYYY-MM-DD HH24:MI:SS'));
INSERT INTO TBL_SALE (sale_id, staff_id, customer_id, sale_date) VALUES ('SA037', 'ST02', 'CU001', TO_DATE('2026-06-30 08:05:14', 'YYYY-MM-DD HH24:MI:SS'));
INSERT INTO TBL_SALE (sale_id, staff_id, customer_id, sale_date) VALUES ('SA038', 'ST02', 'CU008', TO_DATE('2026-06-30 08:32:55', 'YYYY-MM-DD HH24:MI:SS'));
INSERT INTO TBL_SALE (sale_id, staff_id, customer_id, sale_date) VALUES ('SA039', 'ST02', 'CU001', TO_DATE('2026-06-30 09:12:20', 'YYYY-MM-DD HH24:MI:SS'));
INSERT INTO TBL_SALE (sale_id, staff_id, customer_id, sale_date) VALUES ('SA040', 'ST02', 'CU009', TO_DATE('2026-06-30 09:40:37', 'YYYY-MM-DD HH24:MI:SS'));
INSERT INTO TBL_SALE (sale_id, staff_id, customer_id, sale_date) VALUES ('SA041', 'ST02', 'CU010', TO_DATE('2026-06-30 10:05:11', 'YYYY-MM-DD HH24:MI:SS'));
INSERT INTO TBL_SALE (sale_id, staff_id, customer_id, sale_date) VALUES ('SA042', 'ST02', 'CU001', TO_DATE('2026-06-30 10:35:49', 'YYYY-MM-DD HH24:MI:SS'));
INSERT INTO TBL_SALE (sale_id, staff_id, customer_id, sale_date) VALUES ('SA043', 'ST02', 'CU011', TO_DATE('2026-06-30 11:02:18', 'YYYY-MM-DD HH24:MI:SS'));
INSERT INTO TBL_SALE (sale_id, staff_id, customer_id, sale_date) VALUES ('SA044', 'ST02', 'CU001', TO_DATE('2026-06-30 11:25:01', 'YYYY-MM-DD HH24:MI:SS'));
INSERT INTO TBL_SALE (sale_id, staff_id, customer_id, sale_date) VALUES ('SA045', 'ST02', 'CU012', TO_DATE('2026-06-30 11:55:34', 'YYYY-MM-DD HH24:MI:SS'));
INSERT INTO TBL_SALE (sale_id, staff_id, customer_id, sale_date) VALUES ('SA046', 'ST03', 'CU013', TO_DATE('2026-06-30 12:20:12', 'YYYY-MM-DD HH24:MI:SS'));
INSERT INTO TBL_SALE (sale_id, staff_id, customer_id, sale_date) VALUES ('SA047', 'ST03', 'CU001', TO_DATE('2026-06-30 12:45:50', 'YYYY-MM-DD HH24:MI:SS'));
INSERT INTO TBL_SALE (sale_id, staff_id, customer_id, sale_date) VALUES ('SA048', 'ST03', 'CU014', TO_DATE('2026-06-30 13:15:08', 'YYYY-MM-DD HH24:MI:SS'));
INSERT INTO TBL_SALE (sale_id, staff_id, customer_id, sale_date) VALUES ('SA049', 'ST03', 'CU001', TO_DATE('2026-06-30 13:42:33', 'YYYY-MM-DD HH24:MI:SS'));
INSERT INTO TBL_SALE (sale_id, staff_id, customer_id, sale_date) VALUES ('SA050', 'ST03', 'CU015', TO_DATE('2026-06-30 14:10:19', 'YYYY-MM-DD HH24:MI:SS'));
INSERT INTO TBL_SALE (sale_id, staff_id, customer_id, sale_date) VALUES ('SA051', 'ST03', 'CU016', TO_DATE('2026-06-30 14:35:55', 'YYYY-MM-DD HH24:MI:SS'));
INSERT INTO TBL_SALE (sale_id, staff_id, customer_id, sale_date) VALUES ('SA052', 'ST03', 'CU001', TO_DATE('2026-06-30 15:05:12', 'YYYY-MM-DD HH24:MI:SS'));
INSERT INTO TBL_SALE (sale_id, staff_id, customer_id, sale_date) VALUES ('SA053', 'ST03', 'CU017', TO_DATE('2026-06-30 15:28:40', 'YYYY-MM-DD HH24:MI:SS'));
INSERT INTO TBL_SALE (sale_id, staff_id, customer_id, sale_date) VALUES ('SA054', 'ST03', 'CU001', TO_DATE('2026-06-30 15:55:21', 'YYYY-MM-DD HH24:MI:SS'));
INSERT INTO TBL_SALE (sale_id, staff_id, customer_id, sale_date) VALUES ('SA055', 'ST03', 'CU018', TO_DATE('2026-06-30 16:20:04', 'YYYY-MM-DD HH24:MI:SS'));
INSERT INTO TBL_SALE (sale_id, staff_id, customer_id, sale_date) VALUES ('SA056', 'ST03', 'CU002', TO_DATE('2026-06-30 16:45:31', 'YYYY-MM-DD HH24:MI:SS'));
INSERT INTO TBL_SALE (sale_id, staff_id, customer_id, sale_date) VALUES ('SA057', 'ST03', 'CU001', TO_DATE('2026-06-30 17:10:59', 'YYYY-MM-DD HH24:MI:SS'));
INSERT INTO TBL_SALE (sale_id, staff_id, customer_id, sale_date) VALUES ('SA058', 'ST03', 'CU003', TO_DATE('2026-06-30 17:35:24', 'YYYY-MM-DD HH24:MI:SS'));
INSERT INTO TBL_SALE (sale_id, staff_id, customer_id, sale_date) VALUES ('SA059', 'ST04', 'CU001', TO_DATE('2026-06-30 18:02:47', 'YYYY-MM-DD HH24:MI:SS'));
INSERT INTO TBL_SALE (sale_id, staff_id, customer_id, sale_date) VALUES ('SA060', 'ST04', 'CU004', TO_DATE('2026-06-30 18:30:15', 'YYYY-MM-DD HH24:MI:SS'));
INSERT INTO TBL_SALE (sale_id, staff_id, customer_id, sale_date) VALUES ('SA061', 'ST04', 'CU005', TO_DATE('2026-06-30 18:52:39', 'YYYY-MM-DD HH24:MI:SS'));
INSERT INTO TBL_SALE (sale_id, staff_id, customer_id, sale_date) VALUES ('SA062', 'ST04', 'CU001', TO_DATE('2026-06-30 19:15:00', 'YYYY-MM-DD HH24:MI:SS'));
INSERT INTO TBL_SALE (sale_id, staff_id, customer_id, sale_date) VALUES ('SA063', 'ST04', 'CU006', TO_DATE('2026-06-30 19:40:22', 'YYYY-MM-DD HH24:MI:SS'));
INSERT INTO TBL_SALE (sale_id, staff_id, customer_id, sale_date) VALUES ('SA064', 'ST04', 'CU001', TO_DATE('2026-06-30 20:08:45', 'YYYY-MM-DD HH24:MI:SS'));
INSERT INTO TBL_SALE (sale_id, staff_id, customer_id, sale_date) VALUES ('SA065', 'ST04', 'CU007', TO_DATE('2026-06-30 20:35:11', 'YYYY-MM-DD HH24:MI:SS'));
INSERT INTO TBL_SALE (sale_id, staff_id, customer_id, sale_date) VALUES ('SA066', 'ST04', 'CU008', TO_DATE('2026-06-30 20:58:34', 'YYYY-MM-DD HH24:MI:SS'));
INSERT INTO TBL_SALE (sale_id, staff_id, customer_id, sale_date) VALUES ('SA067', 'ST04', 'CU001', TO_DATE('2026-06-30 21:20:03', 'YYYY-MM-DD HH24:MI:SS'));
INSERT INTO TBL_SALE (sale_id, staff_id, customer_id, sale_date) VALUES ('SA068', 'ST04', 'CU009', TO_DATE('2026-06-30 21:50:55', 'YYYY-MM-DD HH24:MI:SS'));
INSERT INTO TBL_SALE (sale_id, staff_id, customer_id, sale_date) VALUES ('SA069', 'ST04', 'CU001', TO_DATE('2026-06-30 22:15:18', 'YYYY-MM-DD HH24:MI:SS'));
INSERT INTO TBL_SALE (sale_id, staff_id, customer_id, sale_date) VALUES ('SA070', 'ST04', 'CU010', TO_DATE('2026-06-30 22:45:37', 'YYYY-MM-DD HH24:MI:SS'));

-- TBL_SALE_DETAIL
INSERT INTO TBL_SALE_DETAIL (sale_detail_id, product_code, sale_id, qty, price, discount_amt, status) VALUES ('SAD001', 'PR001', 'SA001', 2, 1000, 0, '완료');
INSERT INTO TBL_SALE_DETAIL (sale_detail_id, product_code, sale_id, qty, price, discount_amt, status) VALUES ('SAD002', 'PR003', 'SA001', 1, 1200, 0, '완료');
INSERT INTO TBL_SALE_DETAIL (sale_detail_id, product_code, sale_id, qty, price, discount_amt, status) VALUES ('SAD003', 'PR009', 'SA001', 2, 1000, 1000, '완료');
INSERT INTO TBL_SALE_DETAIL (sale_detail_id, product_code, sale_id, qty, price, discount_amt, status) VALUES ('SAD004', 'PR002', 'SA002', 1, 1000, 0, '완료');
INSERT INTO TBL_SALE_DETAIL (sale_detail_id, product_code, sale_id, qty, price, discount_amt, status) VALUES ('SAD005', 'PR004', 'SA002', 1, 950, 0, '완료');
INSERT INTO TBL_SALE_DETAIL (sale_detail_id, product_code, sale_id, qty, price, discount_amt, status) VALUES ('SAD006', 'PR006', 'SA003', 1, 4200, 0, '완료');
INSERT INTO TBL_SALE_DETAIL (sale_detail_id, product_code, sale_id, qty, price, discount_amt, status) VALUES ('SAD007', 'PR071', 'SA003', 1, 13900, 0, '완료');
INSERT INTO TBL_SALE_DETAIL (sale_detail_id, product_code, sale_id, qty, price, discount_amt, status) VALUES ('SAD008', 'PR001', 'SA003', 1, 1000, 0, '완료');
INSERT INTO TBL_SALE_DETAIL (sale_detail_id, product_code, sale_id, qty, price, discount_amt, status) VALUES ('SAD009', 'PR005', 'SA003', 2, 950, 0, '완료');
INSERT INTO TBL_SALE_DETAIL (sale_detail_id, product_code, sale_id, qty, price, discount_amt, status) VALUES ('SAD010', 'PR007', 'SA004', 1, 6900, 0, '완료');
INSERT INTO TBL_SALE_DETAIL (sale_detail_id, product_code, sale_id, qty, price, discount_amt, status) VALUES ('SAD011', 'PR008', 'SA004', 1, 7200, 0, '완료');
INSERT INTO TBL_SALE_DETAIL (sale_detail_id, product_code, sale_id, qty, price, discount_amt, status) VALUES ('SAD012', 'PR073', 'SA004', 3, 3900, 3900, '완료');
INSERT INTO TBL_SALE_DETAIL (sale_detail_id, product_code, sale_id, qty, price, discount_amt, status) VALUES ('SAD013', 'PR003', 'SA005', 2, 1200, 0, '완료');
INSERT INTO TBL_SALE_DETAIL (sale_detail_id, product_code, sale_id, qty, price, discount_amt, status) VALUES ('SAD014', 'PR010', 'SA005', 1, 1800, 0, '완료');
INSERT INTO TBL_SALE_DETAIL (sale_detail_id, product_code, sale_id, qty, price, discount_amt, status) VALUES ('SAD015', 'PR002', 'SA006', 2, 1000, 0, '완료');
INSERT INTO TBL_SALE_DETAIL (sale_detail_id, product_code, sale_id, qty, price, discount_amt, status) VALUES ('SAD016', 'PR004', 'SA006', 1, 950, 0, '완료');
INSERT INTO TBL_SALE_DETAIL (sale_detail_id, product_code, sale_id, qty, price, discount_amt, status) VALUES ('SAD017', 'PR009', 'SA006', 2, 1000, 1000, '완료');
INSERT INTO TBL_SALE_DETAIL (sale_detail_id, product_code, sale_id, qty, price, discount_amt, status) VALUES ('SAD018', 'PR001', 'SA007', 1, 1000, 0, '완료');
INSERT INTO TBL_SALE_DETAIL (sale_detail_id, product_code, sale_id, qty, price, discount_amt, status) VALUES ('SAD019', 'PR072', 'SA007', 3, 12900, 12900, '완료');
INSERT INTO TBL_SALE_DETAIL (sale_detail_id, product_code, sale_id, qty, price, discount_amt, status) VALUES ('SAD020', 'PR005', 'SA007', 1, 950, 0, '완료');
INSERT INTO TBL_SALE_DETAIL (sale_detail_id, product_code, sale_id, qty, price, discount_amt, status) VALUES ('SAD021', 'PR003', 'SA007', 1, 1200, 0, '완료');
INSERT INTO TBL_SALE_DETAIL (sale_detail_id, product_code, sale_id, qty, price, discount_amt, status) VALUES ('SAD022', 'PR006', 'SA008', 1, 4200, 0, '완료');
INSERT INTO TBL_SALE_DETAIL (sale_detail_id, product_code, sale_id, qty, price, discount_amt, status) VALUES ('SAD023', 'PR007', 'SA008', 1, 6900, 0, '완료');
INSERT INTO TBL_SALE_DETAIL (sale_detail_id, product_code, sale_id, qty, price, discount_amt, status) VALUES ('SAD024', 'PR008', 'SA009', 1, 7200, 0, '완료');
INSERT INTO TBL_SALE_DETAIL (sale_detail_id, product_code, sale_id, qty, price, discount_amt, status) VALUES ('SAD025', 'PR001', 'SA009', 2, 1000, 0, '완료');
INSERT INTO TBL_SALE_DETAIL (sale_detail_id, product_code, sale_id, qty, price, discount_amt, status) VALUES ('SAD026', 'PR075', 'SA009', 1, 7900, 0, '완료');
INSERT INTO TBL_SALE_DETAIL (sale_detail_id, product_code, sale_id, qty, price, discount_amt, status) VALUES ('SAD027', 'PR002', 'SA010', 1, 1000, 0, '완료');
INSERT INTO TBL_SALE_DETAIL (sale_detail_id, product_code, sale_id, qty, price, discount_amt, status) VALUES ('SAD028', 'PR003', 'SA010', 1, 1200, 0, '완료');
INSERT INTO TBL_SALE_DETAIL (sale_detail_id, product_code, sale_id, qty, price, discount_amt, status) VALUES ('SAD029', 'PR009', 'SA010', 2, 1000, 1000, '완료');
INSERT INTO TBL_SALE_DETAIL (sale_detail_id, product_code, sale_id, qty, price, discount_amt, status) VALUES ('SAD030', 'PR004', 'SA011', 2, 950, 0, '완료');
INSERT INTO TBL_SALE_DETAIL (sale_detail_id, product_code, sale_id, qty, price, discount_amt, status) VALUES ('SAD031', 'PR005', 'SA011', 1, 950, 0, '완료');
INSERT INTO TBL_SALE_DETAIL (sale_detail_id, product_code, sale_id, qty, price, discount_amt, status) VALUES ('SAD032', 'PR001', 'SA012', 1, 1000, 0, '완료');
INSERT INTO TBL_SALE_DETAIL (sale_detail_id, product_code, sale_id, qty, price, discount_amt, status) VALUES ('SAD033', 'PR074', 'SA012', 3, 4200, 4200, '완료');
INSERT INTO TBL_SALE_DETAIL (sale_detail_id, product_code, sale_id, qty, price, discount_amt, status) VALUES ('SAD034', 'PR002', 'SA012', 1, 1000, 0, '완료');
INSERT INTO TBL_SALE_DETAIL (sale_detail_id, product_code, sale_id, qty, price, discount_amt, status) VALUES ('SAD035', 'PR003', 'SA012', 2, 1200, 0, '완료');
INSERT INTO TBL_SALE_DETAIL (sale_detail_id, product_code, sale_id, qty, price, discount_amt, status) VALUES ('SAD036', 'PR006', 'SA013', 1, 4200, 0, '완료');
INSERT INTO TBL_SALE_DETAIL (sale_detail_id, product_code, sale_id, qty, price, discount_amt, status) VALUES ('SAD037', 'PR007', 'SA013', 1, 6900, 0, '완료');
INSERT INTO TBL_SALE_DETAIL (sale_detail_id, product_code, sale_id, qty, price, discount_amt, status) VALUES ('SAD038', 'PR008', 'SA013', 1, 7200, 0, '완료');
INSERT INTO TBL_SALE_DETAIL (sale_detail_id, product_code, sale_id, qty, price, discount_amt, status) VALUES ('SAD039', 'PR001', 'SA014', 3, 1000, 0, '완료');
INSERT INTO TBL_SALE_DETAIL (sale_detail_id, product_code, sale_id, qty, price, discount_amt, status) VALUES ('SAD040', 'PR009', 'SA014', 4, 1000, 2000, '완료');
INSERT INTO TBL_SALE_DETAIL (sale_detail_id, product_code, sale_id, qty, price, discount_amt, status) VALUES ('SAD041', 'PR002', 'SA015', 1, 1000, 0, '완료');
INSERT INTO TBL_SALE_DETAIL (sale_detail_id, product_code, sale_id, qty, price, discount_amt, status) VALUES ('SAD042', 'PR004', 'SA015', 2, 950, 0, '완료');
INSERT INTO TBL_SALE_DETAIL (sale_detail_id, product_code, sale_id, qty, price, discount_amt, status) VALUES ('SAD043', 'PR005', 'SA015', 1, 950, 0, '완료');
INSERT INTO TBL_SALE_DETAIL (sale_detail_id, product_code, sale_id, qty, price, discount_amt, status) VALUES ('SAD044', 'PR003', 'SA016', 2, 1200, 0, '완료');
INSERT INTO TBL_SALE_DETAIL (sale_detail_id, product_code, sale_id, qty, price, discount_amt, status) VALUES ('SAD045', 'PR071', 'SA016', 3, 13900, 13900, '완료');
INSERT INTO TBL_SALE_DETAIL (sale_detail_id, product_code, sale_id, qty, price, discount_amt, status) VALUES ('SAD046', 'PR001', 'SA016', 1, 1000, 0, '완료');
INSERT INTO TBL_SALE_DETAIL (sale_detail_id, product_code, sale_id, qty, price, discount_amt, status) VALUES ('SAD047', 'PR002', 'SA017', 3, 1000, 0, '완료');
INSERT INTO TBL_SALE_DETAIL (sale_detail_id, product_code, sale_id, qty, price, discount_amt, status) VALUES ('SAD048', 'PR006', 'SA017', 1, 4200, 0, '완료');
INSERT INTO TBL_SALE_DETAIL (sale_detail_id, product_code, sale_id, qty, price, discount_amt, status) VALUES ('SAD049', 'PR007', 'SA018', 1, 6900, 0, '완료');
INSERT INTO TBL_SALE_DETAIL (sale_detail_id, product_code, sale_id, qty, price, discount_amt, status) VALUES ('SAD050', 'PR008', 'SA018', 1, 7200, 0, '완료');
INSERT INTO TBL_SALE_DETAIL (sale_detail_id, product_code, sale_id, qty, price, discount_amt, status) VALUES ('SAD051', 'PR009', 'SA018', 2, 1000, 1000, '완료');
INSERT INTO TBL_SALE_DETAIL (sale_detail_id, product_code, sale_id, qty, price, discount_amt, status) VALUES ('SAD052', 'PR001', 'SA018', 1, 1000, 0, '완료');
INSERT INTO TBL_SALE_DETAIL (sale_detail_id, product_code, sale_id, qty, price, discount_amt, status) VALUES ('SAD053', 'PR003', 'SA019', 2, 1200, 0, '완료');
INSERT INTO TBL_SALE_DETAIL (sale_detail_id, product_code, sale_id, qty, price, discount_amt, status) VALUES ('SAD054', 'PR004', 'SA019', 1, 950, 0, '완료');
INSERT INTO TBL_SALE_DETAIL (sale_detail_id, product_code, sale_id, qty, price, discount_amt, status) VALUES ('SAD055', 'PR072', 'SA019', 1, 12900, 0, '완료');
INSERT INTO TBL_SALE_DETAIL (sale_detail_id, product_code, sale_id, qty, price, discount_amt, status) VALUES ('SAD056', 'PR005', 'SA020', 2, 950, 0, '완료');
INSERT INTO TBL_SALE_DETAIL (sale_detail_id, product_code, sale_id, qty, price, discount_amt, status) VALUES ('SAD057', 'PR002', 'SA020', 1, 1000, 0, '완료');
INSERT INTO TBL_SALE_DETAIL (sale_detail_id, product_code, sale_id, qty, price, discount_amt, status) VALUES ('SAD058', 'PR001', 'SA021', 1, 1000, 0, '완료');
INSERT INTO TBL_SALE_DETAIL (sale_detail_id, product_code, sale_id, qty, price, discount_amt, status) VALUES ('SAD059', 'PR003', 'SA021', 2, 1200, 0, '완료');
INSERT INTO TBL_SALE_DETAIL (sale_detail_id, product_code, sale_id, qty, price, discount_amt, status) VALUES ('SAD060', 'PR006', 'SA021', 1, 4200, 0, '완료');
INSERT INTO TBL_SALE_DETAIL (sale_detail_id, product_code, sale_id, qty, price, discount_amt, status) VALUES ('SAD061', 'PR007', 'SA022', 2, 6900, 0, '완료');
INSERT INTO TBL_SALE_DETAIL (sale_detail_id, product_code, sale_id, qty, price, discount_amt, status) VALUES ('SAD062', 'PR008', 'SA022', 1, 7200, 0, '완료');
INSERT INTO TBL_SALE_DETAIL (sale_detail_id, product_code, sale_id, qty, price, discount_amt, status) VALUES ('SAD063', 'PR009', 'SA022', 2, 1000, 1000, '완료');
INSERT INTO TBL_SALE_DETAIL (sale_detail_id, product_code, sale_id, qty, price, discount_amt, status) VALUES ('SAD064', 'PR002', 'SA023', 3, 1000, 0, '완료');
INSERT INTO TBL_SALE_DETAIL (sale_detail_id, product_code, sale_id, qty, price, discount_amt, status) VALUES ('SAD065', 'PR004', 'SA023', 1, 950, 0, '완료');
INSERT INTO TBL_SALE_DETAIL (sale_detail_id, product_code, sale_id, qty, price, discount_amt, status) VALUES ('SAD066', 'PR001', 'SA024', 1, 1000, 0, '완료');
INSERT INTO TBL_SALE_DETAIL (sale_detail_id, product_code, sale_id, qty, price, discount_amt, status) VALUES ('SAD067', 'PR073', 'SA024', 3, 3900, 3900, '완료');
INSERT INTO TBL_SALE_DETAIL (sale_detail_id, product_code, sale_id, qty, price, discount_amt, status) VALUES ('SAD068', 'PR003', 'SA024', 2, 1200, 0, '완료');
INSERT INTO TBL_SALE_DETAIL (sale_detail_id, product_code, sale_id, qty, price, discount_amt, status) VALUES ('SAD069', 'PR005', 'SA024', 1, 950, 0, '완료');
INSERT INTO TBL_SALE_DETAIL (sale_detail_id, product_code, sale_id, qty, price, discount_amt, status) VALUES ('SAD070', 'PR002', 'SA025', 2, 1000, 0, '완료');
INSERT INTO TBL_SALE_DETAIL (sale_detail_id, product_code, sale_id, qty, price, discount_amt, status) VALUES ('SAD071', 'PR006', 'SA025', 1, 4200, 0, '완료');
INSERT INTO TBL_SALE_DETAIL (sale_detail_id, product_code, sale_id, qty, price, discount_amt, status) VALUES ('SAD072', 'PR007', 'SA025', 1, 6900, 0, '완료');
INSERT INTO TBL_SALE_DETAIL (sale_detail_id, product_code, sale_id, qty, price, discount_amt, status) VALUES ('SAD073', 'PR008', 'SA026', 3, 7200, 0, '완료');
INSERT INTO TBL_SALE_DETAIL (sale_detail_id, product_code, sale_id, qty, price, discount_amt, status) VALUES ('SAD074', 'PR001', 'SA026', 1, 1000, 0, '완료');
INSERT INTO TBL_SALE_DETAIL (sale_detail_id, product_code, sale_id, qty, price, discount_amt, status) VALUES ('SAD075', 'PR003', 'SA027', 1, 1200, 0, '완료');
INSERT INTO TBL_SALE_DETAIL (sale_detail_id, product_code, sale_id, qty, price, discount_amt, status) VALUES ('SAD076', 'PR004', 'SA027', 2, 950, 0, '완료');
INSERT INTO TBL_SALE_DETAIL (sale_detail_id, product_code, sale_id, qty, price, discount_amt, status) VALUES ('SAD077', 'PR009', 'SA027', 2, 1000, 1000, '완료');
INSERT INTO TBL_SALE_DETAIL (sale_detail_id, product_code, sale_id, qty, price, discount_amt, status) VALUES ('SAD078', 'PR005', 'SA028', 2, 950, 0, '완료');
INSERT INTO TBL_SALE_DETAIL (sale_detail_id, product_code, sale_id, qty, price, discount_amt, status) VALUES ('SAD079', 'PR002', 'SA028', 1, 1000, 0, '완료');
INSERT INTO TBL_SALE_DETAIL (sale_detail_id, product_code, sale_id, qty, price, discount_amt, status) VALUES ('SAD080', 'PR001', 'SA028', 1, 1000, 0, '완료');
INSERT INTO TBL_SALE_DETAIL (sale_detail_id, product_code, sale_id, qty, price, discount_amt, status) VALUES ('SAD081', 'PR006', 'SA029', 3, 4200, 0, '완료');
INSERT INTO TBL_SALE_DETAIL (sale_detail_id, product_code, sale_id, qty, price, discount_amt, status) VALUES ('SAD082', 'PR007', 'SA029', 1, 6900, 0, '완료');
INSERT INTO TBL_SALE_DETAIL (sale_detail_id, product_code, sale_id, qty, price, discount_amt, status) VALUES ('SAD083', 'PR008', 'SA030', 1, 7200, 0, '완료');
INSERT INTO TBL_SALE_DETAIL (sale_detail_id, product_code, sale_id, qty, price, discount_amt, status) VALUES ('SAD084', 'PR074', 'SA030', 3, 4200, 4200, '완료');
INSERT INTO TBL_SALE_DETAIL (sale_detail_id, product_code, sale_id, qty, price, discount_amt, status) VALUES ('SAD085', 'PR002', 'SA030', 1, 1000, 0, '완료');
INSERT INTO TBL_SALE_DETAIL (sale_detail_id, product_code, sale_id, qty, price, discount_amt, status) VALUES ('SAD086', 'PR003', 'SA030', 1, 1200, 0, '완료');
INSERT INTO TBL_SALE_DETAIL (sale_detail_id, product_code, sale_id, qty, price, discount_amt, status) VALUES ('SAD087', 'PR004', 'SA031', 2, 950, 0, '완료');
INSERT INTO TBL_SALE_DETAIL (sale_detail_id, product_code, sale_id, qty, price, discount_amt, status) VALUES ('SAD088', 'PR005', 'SA031', 1, 950, 0, '완료');
INSERT INTO TBL_SALE_DETAIL (sale_detail_id, product_code, sale_id, qty, price, discount_amt, status) VALUES ('SAD089', 'PR001', 'SA031', 1, 1000, 0, '완료');
INSERT INTO TBL_SALE_DETAIL (sale_detail_id, product_code, sale_id, qty, price, discount_amt, status) VALUES ('SAD090', 'PR002', 'SA032', 3, 1000, 0, '완료');
INSERT INTO TBL_SALE_DETAIL (sale_detail_id, product_code, sale_id, qty, price, discount_amt, status) VALUES ('SAD091', 'PR006', 'SA032', 1, 4200, 0, '완료');
INSERT INTO TBL_SALE_DETAIL (sale_detail_id, product_code, sale_id, qty, price, discount_amt, status) VALUES ('SAD092', 'PR007', 'SA033', 1, 6900, 0, '완료');
INSERT INTO TBL_SALE_DETAIL (sale_detail_id, product_code, sale_id, qty, price, discount_amt, status) VALUES ('SAD093', 'PR008', 'SA033', 1, 7200, 0, '완료');
INSERT INTO TBL_SALE_DETAIL (sale_detail_id, product_code, sale_id, qty, price, discount_amt, status) VALUES ('SAD094', 'PR009', 'SA033', 2, 1000, 1000, '완료');
INSERT INTO TBL_SALE_DETAIL (sale_detail_id, product_code, sale_id, qty, price, discount_amt, status) VALUES ('SAD095', 'PR003', 'SA034', 2, 1200, 0, '완료');
INSERT INTO TBL_SALE_DETAIL (sale_detail_id, product_code, sale_id, qty, price, discount_amt, status) VALUES ('SAD096', 'PR004', 'SA034', 1, 950, 0, '완료');
INSERT INTO TBL_SALE_DETAIL (sale_detail_id, product_code, sale_id, qty, price, discount_amt, status) VALUES ('SAD097', 'PR075', 'SA034', 1, 7900, 0, '완료');
INSERT INTO TBL_SALE_DETAIL (sale_detail_id, product_code, sale_id, qty, price, discount_amt, status) VALUES ('SAD098', 'PR005', 'SA035', 3, 950, 0, '완료');
INSERT INTO TBL_SALE_DETAIL (sale_detail_id, product_code, sale_id, qty, price, discount_amt, status) VALUES ('SAD099', 'PR001', 'SA035', 1, 1000, 0, '완료');
INSERT INTO TBL_SALE_DETAIL (sale_detail_id, product_code, sale_id, qty, price, discount_amt, status) VALUES ('SAD100', 'PR002', 'SA036', 1, 1000, 0, '완료');
INSERT INTO TBL_SALE_DETAIL (sale_detail_id, product_code, sale_id, qty, price, discount_amt, status) VALUES ('SAD101', 'PR071', 'SA036', 3, 13900, 13900, '완료');
INSERT INTO TBL_SALE_DETAIL (sale_detail_id, product_code, sale_id, qty, price, discount_amt, status) VALUES ('SAD102', 'PR003', 'SA036', 1, 1200, 0, '완료');
INSERT INTO TBL_SALE_DETAIL (sale_detail_id, product_code, sale_id, qty, price, discount_amt, status) VALUES ('SAD103', 'PR006', 'SA036', 2, 4200, 0, '완료');
INSERT INTO TBL_SALE_DETAIL (sale_detail_id, product_code, sale_id, qty, price, discount_amt, status) VALUES ('SAD104', 'PR007', 'SA037', 2, 6900, 0, '완료');
INSERT INTO TBL_SALE_DETAIL (sale_detail_id, product_code, sale_id, qty, price, discount_amt, status) VALUES ('SAD105', 'PR008', 'SA037', 1, 7200, 0, '완료');
INSERT INTO TBL_SALE_DETAIL (sale_detail_id, product_code, sale_id, qty, price, discount_amt, status) VALUES ('SAD106', 'PR001', 'SA037', 1, 1000, 0, '완료');
INSERT INTO TBL_SALE_DETAIL (sale_detail_id, product_code, sale_id, qty, price, discount_amt, status) VALUES ('SAD107', 'PR004', 'SA038', 3, 950, 0, '완료');
INSERT INTO TBL_SALE_DETAIL (sale_detail_id, product_code, sale_id, qty, price, discount_amt, status) VALUES ('SAD108', 'PR009', 'SA038', 2, 1000, 1000, '완료');
INSERT INTO TBL_SALE_DETAIL (sale_detail_id, product_code, sale_id, qty, price, discount_amt, status) VALUES ('SAD109', 'PR005', 'SA039', 1, 950, 0, '완료');
INSERT INTO TBL_SALE_DETAIL (sale_detail_id, product_code, sale_id, qty, price, discount_amt, status) VALUES ('SAD110', 'PR002', 'SA039', 1, 1000, 0, '완료');
INSERT INTO TBL_SALE_DETAIL (sale_detail_id, product_code, sale_id, qty, price, discount_amt, status) VALUES ('SAD111', 'PR003', 'SA039', 2, 1200, 0, '완료');
INSERT INTO TBL_SALE_DETAIL (sale_detail_id, product_code, sale_id, qty, price, discount_amt, status) VALUES ('SAD112', 'PR006', 'SA040', 2, 4200, 0, '완료');
INSERT INTO TBL_SALE_DETAIL (sale_detail_id, product_code, sale_id, qty, price, discount_amt, status) VALUES ('SAD113', 'PR007', 'SA040', 1, 6900, 0, '완료');
INSERT INTO TBL_SALE_DETAIL (sale_detail_id, product_code, sale_id, qty, price, discount_amt, status) VALUES ('SAD114', 'PR008', 'SA040', 1, 7200, 0, '완료');
INSERT INTO TBL_SALE_DETAIL (sale_detail_id, product_code, sale_id, qty, price, discount_amt, status) VALUES ('SAD115', 'PR001', 'SA041', 3, 1000, 0, '완료');
INSERT INTO TBL_SALE_DETAIL (sale_detail_id, product_code, sale_id, qty, price, discount_amt, status) VALUES ('SAD116', 'PR072', 'SA041', 3, 12900, 12900, '완료');
INSERT INTO TBL_SALE_DETAIL (sale_detail_id, product_code, sale_id, qty, price, discount_amt, status) VALUES ('SAD117', 'PR002', 'SA042', 1, 1000, 0, '완료');
INSERT INTO TBL_SALE_DETAIL (sale_detail_id, product_code, sale_id, qty, price, discount_amt, status) VALUES ('SAD118', 'PR004', 'SA042', 1, 950, 0, '완료');
INSERT INTO TBL_SALE_DETAIL (sale_detail_id, product_code, sale_id, qty, price, discount_amt, status) VALUES ('SAD119', 'PR005', 'SA042', 2, 950, 0, '완료');
INSERT INTO TBL_SALE_DETAIL (sale_detail_id, product_code, sale_id, qty, price, discount_amt, status) VALUES ('SAD120', 'PR003', 'SA042', 1, 1200, 0, '완료');
INSERT INTO TBL_SALE_DETAIL (sale_detail_id, product_code, sale_id, qty, price, discount_amt, status) VALUES ('SAD121', 'PR006', 'SA043', 2, 4200, 0, '완료');
INSERT INTO TBL_SALE_DETAIL (sale_detail_id, product_code, sale_id, qty, price, discount_amt, status) VALUES ('SAD122', 'PR007', 'SA043', 1, 6900, 0, '완료');
INSERT INTO TBL_SALE_DETAIL (sale_detail_id, product_code, sale_id, qty, price, discount_amt, status) VALUES ('SAD123', 'PR008', 'SA043', 1, 7200, 0, '완료');
INSERT INTO TBL_SALE_DETAIL (sale_detail_id, product_code, sale_id, qty, price, discount_amt, status) VALUES ('SAD124', 'PR001', 'SA044', 3, 1000, 0, '완료');
INSERT INTO TBL_SALE_DETAIL (sale_detail_id, product_code, sale_id, qty, price, discount_amt, status) VALUES ('SAD125', 'PR009', 'SA044', 2, 1000, 1000, '완료');
INSERT INTO TBL_SALE_DETAIL (sale_detail_id, product_code, sale_id, qty, price, discount_amt, status) VALUES ('SAD126', 'PR002', 'SA045', 1, 1000, 0, '완료');
INSERT INTO TBL_SALE_DETAIL (sale_detail_id, product_code, sale_id, qty, price, discount_amt, status) VALUES ('SAD127', 'PR004', 'SA045', 2, 950, 0, '완료');
INSERT INTO TBL_SALE_DETAIL (sale_detail_id, product_code, sale_id, qty, price, discount_amt, status) VALUES ('SAD128', 'PR073', 'SA045', 1, 3900, 0, '완료');
INSERT INTO TBL_SALE_DETAIL (sale_detail_id, product_code, sale_id, qty, price, discount_amt, status) VALUES ('SAD129', 'PR005', 'SA046', 2, 950, 0, '완료');
INSERT INTO TBL_SALE_DETAIL (sale_detail_id, product_code, sale_id, qty, price, discount_amt, status) VALUES ('SAD130', 'PR003', 'SA046', 1, 1200, 0, '완료');
INSERT INTO TBL_SALE_DETAIL (sale_detail_id, product_code, sale_id, qty, price, discount_amt, status) VALUES ('SAD131', 'PR001', 'SA046', 1, 1000, 0, '완료');
INSERT INTO TBL_SALE_DETAIL (sale_detail_id, product_code, sale_id, qty, price, discount_amt, status) VALUES ('SAD132', 'PR006', 'SA047', 3, 4200, 0, '완료');
INSERT INTO TBL_SALE_DETAIL (sale_detail_id, product_code, sale_id, qty, price, discount_amt, status) VALUES ('SAD133', 'PR007', 'SA047', 1, 6900, 0, '완료');
INSERT INTO TBL_SALE_DETAIL (sale_detail_id, product_code, sale_id, qty, price, discount_amt, status) VALUES ('SAD134', 'PR008', 'SA048', 1, 7200, 0, '완료');
INSERT INTO TBL_SALE_DETAIL (sale_detail_id, product_code, sale_id, qty, price, discount_amt, status) VALUES ('SAD135', 'PR074', 'SA048', 3, 4200, 4200, '완료');
INSERT INTO TBL_SALE_DETAIL (sale_detail_id, product_code, sale_id, qty, price, discount_amt, status) VALUES ('SAD136', 'PR002', 'SA048', 2, 1000, 0, '완료');
INSERT INTO TBL_SALE_DETAIL (sale_detail_id, product_code, sale_id, qty, price, discount_amt, status) VALUES ('SAD137', 'PR004', 'SA048', 1, 950, 0, '완료');
INSERT INTO TBL_SALE_DETAIL (sale_detail_id, product_code, sale_id, qty, price, discount_amt, status) VALUES ('SAD138', 'PR005', 'SA049', 2, 950, 0, '완료');
INSERT INTO TBL_SALE_DETAIL (sale_detail_id, product_code, sale_id, qty, price, discount_amt, status) VALUES ('SAD139', 'PR001', 'SA049', 1, 1000, 0, '완료');
INSERT INTO TBL_SALE_DETAIL (sale_detail_id, product_code, sale_id, qty, price, discount_amt, status) VALUES ('SAD140', 'PR003', 'SA049', 1, 1200, 0, '완료');
INSERT INTO TBL_SALE_DETAIL (sale_detail_id, product_code, sale_id, qty, price, discount_amt, status) VALUES ('SAD141', 'PR006', 'SA050', 3, 4200, 0, '완료');
INSERT INTO TBL_SALE_DETAIL (sale_detail_id, product_code, sale_id, qty, price, discount_amt, status) VALUES ('SAD142', 'PR007', 'SA050', 1, 6900, 0, '완료');
INSERT INTO TBL_SALE_DETAIL (sale_detail_id, product_code, sale_id, qty, price, discount_amt, status) VALUES ('SAD143', 'PR008', 'SA051', 1, 7200, 0, '완료');
INSERT INTO TBL_SALE_DETAIL (sale_detail_id, product_code, sale_id, qty, price, discount_amt, status) VALUES ('SAD144', 'PR009', 'SA051', 2, 1000, 1000, '완료');
INSERT INTO TBL_SALE_DETAIL (sale_detail_id, product_code, sale_id, qty, price, discount_amt, status) VALUES ('SAD145', 'PR001', 'SA051', 1, 1000, 0, '완료');
INSERT INTO TBL_SALE_DETAIL (sale_detail_id, product_code, sale_id, qty, price, discount_amt, status) VALUES ('SAD146', 'PR002', 'SA052', 2, 1000, 0, '완료');
INSERT INTO TBL_SALE_DETAIL (sale_detail_id, product_code, sale_id, qty, price, discount_amt, status) VALUES ('SAD147', 'PR004', 'SA052', 1, 950, 0, '완료');
INSERT INTO TBL_SALE_DETAIL (sale_detail_id, product_code, sale_id, qty, price, discount_amt, status) VALUES ('SAD148', 'PR075', 'SA052', 1, 7900, 0, '완료');
INSERT INTO TBL_SALE_DETAIL (sale_detail_id, product_code, sale_id, qty, price, discount_amt, status) VALUES ('SAD149', 'PR005', 'SA053', 3, 950, 0, '완료');
INSERT INTO TBL_SALE_DETAIL (sale_detail_id, product_code, sale_id, qty, price, discount_amt, status) VALUES ('SAD150', 'PR003', 'SA053', 1, 1200, 0, '완료');
INSERT INTO TBL_SALE_DETAIL (sale_detail_id, product_code, sale_id, qty, price, discount_amt, status) VALUES ('SAD151', 'PR001', 'SA054', 1, 1000, 0, '완료');
INSERT INTO TBL_SALE_DETAIL (sale_detail_id, product_code, sale_id, qty, price, discount_amt, status) VALUES ('SAD152', 'PR071', 'SA054', 3, 13900, 13900, '완료');
INSERT INTO TBL_SALE_DETAIL (sale_detail_id, product_code, sale_id, qty, price, discount_amt, status) VALUES ('SAD153', 'PR002', 'SA054', 1, 1000, 0, '완료');
INSERT INTO TBL_SALE_DETAIL (sale_detail_id, product_code, sale_id, qty, price, discount_amt, status) VALUES ('SAD154', 'PR006', 'SA054', 2, 4200, 0, '완료');
INSERT INTO TBL_SALE_DETAIL (sale_detail_id, product_code, sale_id, qty, price, discount_amt, status) VALUES ('SAD155', 'PR007', 'SA055', 2, 6900, 0, '완료');
INSERT INTO TBL_SALE_DETAIL (sale_detail_id, product_code, sale_id, qty, price, discount_amt, status) VALUES ('SAD156', 'PR008', 'SA055', 1, 7200, 0, '완료');
INSERT INTO TBL_SALE_DETAIL (sale_detail_id, product_code, sale_id, qty, price, discount_amt, status) VALUES ('SAD157', 'PR001', 'SA055', 1, 1000, 0, '완료');
INSERT INTO TBL_SALE_DETAIL (sale_detail_id, product_code, sale_id, qty, price, discount_amt, status) VALUES ('SAD158', 'PR004', 'SA056', 3, 950, 0, '완료');
INSERT INTO TBL_SALE_DETAIL (sale_detail_id, product_code, sale_id, qty, price, discount_amt, status) VALUES ('SAD159', 'PR009', 'SA056', 2, 1000, 1000, '완료');
INSERT INTO TBL_SALE_DETAIL (sale_detail_id, product_code, sale_id, qty, price, discount_amt, status) VALUES ('SAD160', 'PR005', 'SA057', 1, 950, 0, '완료');
INSERT INTO TBL_SALE_DETAIL (sale_detail_id, product_code, sale_id, qty, price, discount_amt, status) VALUES ('SAD161', 'PR002', 'SA057', 1, 1000, 0, '완료');
INSERT INTO TBL_SALE_DETAIL (sale_detail_id, product_code, sale_id, qty, price, discount_amt, status) VALUES ('SAD162', 'PR003', 'SA057', 2, 1200, 0, '완료');
INSERT INTO TBL_SALE_DETAIL (sale_detail_id, product_code, sale_id, qty, price, discount_amt, status) VALUES ('SAD163', 'PR006', 'SA058', 2, 4200, 0, '완료');
INSERT INTO TBL_SALE_DETAIL (sale_detail_id, product_code, sale_id, qty, price, discount_amt, status) VALUES ('SAD164', 'PR007', 'SA058', 1, 6900, 0, '완료');
INSERT INTO TBL_SALE_DETAIL (sale_detail_id, product_code, sale_id, qty, price, discount_amt, status) VALUES ('SAD165', 'PR008', 'SA058', 1, 7200, 0, '완료');
INSERT INTO TBL_SALE_DETAIL (sale_detail_id, product_code, sale_id, qty, price, discount_amt, status) VALUES ('SAD166', 'PR001', 'SA059', 3, 1000, 0, '완료');
INSERT INTO TBL_SALE_DETAIL (sale_detail_id, product_code, sale_id, qty, price, discount_amt, status) VALUES ('SAD167', 'PR072', 'SA059', 3, 12900, 12900, '완료');
INSERT INTO TBL_SALE_DETAIL (sale_detail_id, product_code, sale_id, qty, price, discount_amt, status) VALUES ('SAD168', 'PR002', 'SA060', 1, 1000, 0, '완료');
INSERT INTO TBL_SALE_DETAIL (sale_detail_id, product_code, sale_id, qty, price, discount_amt, status) VALUES ('SAD169', 'PR004', 'SA060', 1, 950, 0, '완료');
INSERT INTO TBL_SALE_DETAIL (sale_detail_id, product_code, sale_id, qty, price, discount_amt, status) VALUES ('SAD170', 'PR005', 'SA060', 2, 950, 0, '완료');
INSERT INTO TBL_SALE_DETAIL (sale_detail_id, product_code, sale_id, qty, price, discount_amt, status) VALUES ('SAD171', 'PR003', 'SA060', 1, 1200, 0, '완료');
INSERT INTO TBL_SALE_DETAIL (sale_detail_id, product_code, sale_id, qty, price, discount_amt, status) VALUES ('SAD172', 'PR006', 'SA061', 2, 4200, 0, '완료');
INSERT INTO TBL_SALE_DETAIL (sale_detail_id, product_code, sale_id, qty, price, discount_amt, status) VALUES ('SAD173', 'PR007', 'SA061', 1, 6900, 0, '완료');
INSERT INTO TBL_SALE_DETAIL (sale_detail_id, product_code, sale_id, qty, price, discount_amt, status) VALUES ('SAD174', 'PR008', 'SA061', 1, 7200, 0, '완료');
INSERT INTO TBL_SALE_DETAIL (sale_detail_id, product_code, sale_id, qty, price, discount_amt, status) VALUES ('SAD175', 'PR001', 'SA062', 3, 1000, 0, '완료');
INSERT INTO TBL_SALE_DETAIL (sale_detail_id, product_code, sale_id, qty, price, discount_amt, status) VALUES ('SAD176', 'PR009', 'SA062', 2, 1000, 1000, '완료');
INSERT INTO TBL_SALE_DETAIL (sale_detail_id, product_code, sale_id, qty, price, discount_amt, status) VALUES ('SAD177', 'PR002', 'SA063', 1, 1000, 0, '완료');
INSERT INTO TBL_SALE_DETAIL (sale_detail_id, product_code, sale_id, qty, price, discount_amt, status) VALUES ('SAD178', 'PR004', 'SA063', 2, 950, 0, '완료');
INSERT INTO TBL_SALE_DETAIL (sale_detail_id, product_code, sale_id, qty, price, discount_amt, status) VALUES ('SAD179', 'PR073', 'SA063', 1, 3900, 0, '완료');
INSERT INTO TBL_SALE_DETAIL (sale_detail_id, product_code, sale_id, qty, price, discount_amt, status) VALUES ('SAD180', 'PR005', 'SA064', 2, 950, 0, '완료');
INSERT INTO TBL_SALE_DETAIL (sale_detail_id, product_code, sale_id, qty, price, discount_amt, status) VALUES ('SAD181', 'PR003', 'SA064', 1, 1200, 0, '완료');
INSERT INTO TBL_SALE_DETAIL (sale_detail_id, product_code, sale_id, qty, price, discount_amt, status) VALUES ('SAD182', 'PR001', 'SA064', 1, 1000, 0, '완료');
INSERT INTO TBL_SALE_DETAIL (sale_detail_id, product_code, sale_id, qty, price, discount_amt, status) VALUES ('SAD183', 'PR006', 'SA065', 3, 4200, 0, '완료');
INSERT INTO TBL_SALE_DETAIL (sale_detail_id, product_code, sale_id, qty, price, discount_amt, status) VALUES ('SAD184', 'PR007', 'SA065', 1, 6900, 0, '완료');
INSERT INTO TBL_SALE_DETAIL (sale_detail_id, product_code, sale_id, qty, price, discount_amt, status) VALUES ('SAD185', 'PR008', 'SA066', 1, 7200, 0, '완료');
INSERT INTO TBL_SALE_DETAIL (sale_detail_id, product_code, sale_id, qty, price, discount_amt, status) VALUES ('SAD186', 'PR074', 'SA066', 3, 4200, 4200, '완료');
INSERT INTO TBL_SALE_DETAIL (sale_detail_id, product_code, sale_id, qty, price, discount_amt, status) VALUES ('SAD187', 'PR002', 'SA066', 2, 1000, 0, '완료');
INSERT INTO TBL_SALE_DETAIL (sale_detail_id, product_code, sale_id, qty, price, discount_amt, status) VALUES ('SAD188', 'PR004', 'SA066', 1, 950, 0, '완료');
INSERT INTO TBL_SALE_DETAIL (sale_detail_id, product_code, sale_id, qty, price, discount_amt, status) VALUES ('SAD189', 'PR005', 'SA067', 2, 950, 0, '완료');
INSERT INTO TBL_SALE_DETAIL (sale_detail_id, product_code, sale_id, qty, price, discount_amt, status) VALUES ('SAD190', 'PR001', 'SA067', 1, 1000, 0, '완료');
INSERT INTO TBL_SALE_DETAIL (sale_detail_id, product_code, sale_id, qty, price, discount_amt, status) VALUES ('SAD191', 'PR003', 'SA067', 1, 1200, 0, '완료');
INSERT INTO TBL_SALE_DETAIL (sale_detail_id, product_code, sale_id, qty, price, discount_amt, status) VALUES ('SAD192', 'PR006', 'SA068', 3, 4200, 0, '완료');
INSERT INTO TBL_SALE_DETAIL (sale_detail_id, product_code, sale_id, qty, price, discount_amt, status) VALUES ('SAD193', 'PR007', 'SA068', 1, 6900, 0, '완료');
INSERT INTO TBL_SALE_DETAIL (sale_detail_id, product_code, sale_id, qty, price, discount_amt, status) VALUES ('SAD194', 'PR008', 'SA069', 1, 7200, 0, '완료');
INSERT INTO TBL_SALE_DETAIL (sale_detail_id, product_code, sale_id, qty, price, discount_amt, status) VALUES ('SAD195', 'PR009', 'SA069', 2, 1000, 1000, '완료');
INSERT INTO TBL_SALE_DETAIL (sale_detail_id, product_code, sale_id, qty, price, discount_amt, status) VALUES ('SAD196', 'PR001', 'SA069', 1, 1000, 0, '완료');
INSERT INTO TBL_SALE_DETAIL (sale_detail_id, product_code, sale_id, qty, price, discount_amt, status) VALUES ('SAD197', 'PR002', 'SA070', 2, 1000, 0, '완료');
INSERT INTO TBL_SALE_DETAIL (sale_detail_id, product_code, sale_id, qty, price, discount_amt, status) VALUES ('SAD198', 'PR004', 'SA070', 1, 950, 0, '완료');
INSERT INTO TBL_SALE_DETAIL (sale_detail_id, product_code, sale_id, qty, price, discount_amt, status) VALUES ('SAD199', 'PR075', 'SA070', 1, 7900, 0, '완료');
INSERT INTO TBL_SALE_DETAIL (sale_detail_id, product_code, sale_id, qty, price, discount_amt, status) VALUES ('SAD200', 'PR005', 'SA070', 3, 950, 0, '완료');

-- TBL_PAYMENT
INSERT INTO TBL_PAYMENT (pay_detail_id, sale_id, pay_status) VALUES ('PA001', 'SA001', '완료');
INSERT INTO TBL_PAYMENT (pay_detail_id, sale_id, pay_status) VALUES ('PA002', 'SA002', '완료');
INSERT INTO TBL_PAYMENT (pay_detail_id, sale_id, pay_status) VALUES ('PA003', 'SA003', '완료');
INSERT INTO TBL_PAYMENT (pay_detail_id, sale_id, pay_status) VALUES ('PA004', 'SA004', '완료');
INSERT INTO TBL_PAYMENT (pay_detail_id, sale_id, pay_status) VALUES ('PA005', 'SA005', '완료');
INSERT INTO TBL_PAYMENT (pay_detail_id, sale_id, pay_status) VALUES ('PA006', 'SA006', '완료');
INSERT INTO TBL_PAYMENT (pay_detail_id, sale_id, pay_status) VALUES ('PA007', 'SA007', '완료');
INSERT INTO TBL_PAYMENT (pay_detail_id, sale_id, pay_status) VALUES ('PA008', 'SA008', '완료');
INSERT INTO TBL_PAYMENT (pay_detail_id, sale_id, pay_status) VALUES ('PA009', 'SA009', '완료');
INSERT INTO TBL_PAYMENT (pay_detail_id, sale_id, pay_status) VALUES ('PA010', 'SA010', '완료');
INSERT INTO TBL_PAYMENT (pay_detail_id, sale_id, pay_status) VALUES ('PA011', 'SA011', '완료');
INSERT INTO TBL_PAYMENT (pay_detail_id, sale_id, pay_status) VALUES ('PA012', 'SA012', '완료');
INSERT INTO TBL_PAYMENT (pay_detail_id, sale_id, pay_status) VALUES ('PA013', 'SA013', '완료');
INSERT INTO TBL_PAYMENT (pay_detail_id, sale_id, pay_status) VALUES ('PA014', 'SA014', '완료');
INSERT INTO TBL_PAYMENT (pay_detail_id, sale_id, pay_status) VALUES ('PA015', 'SA015', '취소');
INSERT INTO TBL_PAYMENT (pay_detail_id, sale_id, pay_status) VALUES ('PA016', 'SA016', '완료');
INSERT INTO TBL_PAYMENT (pay_detail_id, sale_id, pay_status) VALUES ('PA017', 'SA017', '완료');
INSERT INTO TBL_PAYMENT (pay_detail_id, sale_id, pay_status) VALUES ('PA018', 'SA018', '완료');
INSERT INTO TBL_PAYMENT (pay_detail_id, sale_id, pay_status) VALUES ('PA019', 'SA019', '완료');
INSERT INTO TBL_PAYMENT (pay_detail_id, sale_id, pay_status) VALUES ('PA020', 'SA020', '완료');
INSERT INTO TBL_PAYMENT (pay_detail_id, sale_id, pay_status) VALUES ('PA021', 'SA021', '완료');
INSERT INTO TBL_PAYMENT (pay_detail_id, sale_id, pay_status) VALUES ('PA022', 'SA022', '완료');
INSERT INTO TBL_PAYMENT (pay_detail_id, sale_id, pay_status) VALUES ('PA023', 'SA023', '완료');
INSERT INTO TBL_PAYMENT (pay_detail_id, sale_id, pay_status) VALUES ('PA024', 'SA024', '완료');
INSERT INTO TBL_PAYMENT (pay_detail_id, sale_id, pay_status) VALUES ('PA025', 'SA025', '완료');
INSERT INTO TBL_PAYMENT (pay_detail_id, sale_id, pay_status) VALUES ('PA026', 'SA026', '완료');
INSERT INTO TBL_PAYMENT (pay_detail_id, sale_id, pay_status) VALUES ('PA027', 'SA027', '완료');
INSERT INTO TBL_PAYMENT (pay_detail_id, sale_id, pay_status) VALUES ('PA028', 'SA028', '완료');
INSERT INTO TBL_PAYMENT (pay_detail_id, sale_id, pay_status) VALUES ('PA029', 'SA029', '완료');
INSERT INTO TBL_PAYMENT (pay_detail_id, sale_id, pay_status) VALUES ('PA030', 'SA030', '완료');
INSERT INTO TBL_PAYMENT (pay_detail_id, sale_id, pay_status) VALUES ('PA031', 'SA031', '완료');
INSERT INTO TBL_PAYMENT (pay_detail_id, sale_id, pay_status) VALUES ('PA032', 'SA032', '완료');
INSERT INTO TBL_PAYMENT (pay_detail_id, sale_id, pay_status) VALUES ('PA033', 'SA033', '완료');
INSERT INTO TBL_PAYMENT (pay_detail_id, sale_id, pay_status) VALUES ('PA034', 'SA034', '완료');
INSERT INTO TBL_PAYMENT (pay_detail_id, sale_id, pay_status) VALUES ('PA035', 'SA035', '완료');
INSERT INTO TBL_PAYMENT (pay_detail_id, sale_id, pay_status) VALUES ('PA036', 'SA036', '완료');
INSERT INTO TBL_PAYMENT (pay_detail_id, sale_id, pay_status) VALUES ('PA037', 'SA037', '완료');
INSERT INTO TBL_PAYMENT (pay_detail_id, sale_id, pay_status) VALUES ('PA038', 'SA038', '완료');
INSERT INTO TBL_PAYMENT (pay_detail_id, sale_id, pay_status) VALUES ('PA039', 'SA039', '완료');
INSERT INTO TBL_PAYMENT (pay_detail_id, sale_id, pay_status) VALUES ('PA040', 'SA040', '완료');
INSERT INTO TBL_PAYMENT (pay_detail_id, sale_id, pay_status) VALUES ('PA041', 'SA041', '완료');
INSERT INTO TBL_PAYMENT (pay_detail_id, sale_id, pay_status) VALUES ('PA042', 'SA042', '취소');
INSERT INTO TBL_PAYMENT (pay_detail_id, sale_id, pay_status) VALUES ('PA043', 'SA043', '완료');
INSERT INTO TBL_PAYMENT (pay_detail_id, sale_id, pay_status) VALUES ('PA044', 'SA044', '완료');
INSERT INTO TBL_PAYMENT (pay_detail_id, sale_id, pay_status) VALUES ('PA045', 'SA045', '완료');
INSERT INTO TBL_PAYMENT (pay_detail_id, sale_id, pay_status) VALUES ('PA046', 'SA046', '완료');
INSERT INTO TBL_PAYMENT (pay_detail_id, sale_id, pay_status) VALUES ('PA047', 'SA047', '완료');
INSERT INTO TBL_PAYMENT (pay_detail_id, sale_id, pay_status) VALUES ('PA048', 'SA048', '완료');
INSERT INTO TBL_PAYMENT (pay_detail_id, sale_id, pay_status) VALUES ('PA049', 'SA049', '완료');
INSERT INTO TBL_PAYMENT (pay_detail_id, sale_id, pay_status) VALUES ('PA050', 'SA050', '완료');
INSERT INTO TBL_PAYMENT (pay_detail_id, sale_id, pay_status) VALUES ('PA051', 'SA051', '완료');
INSERT INTO TBL_PAYMENT (pay_detail_id, sale_id, pay_status) VALUES ('PA052', 'SA052', '완료');
INSERT INTO TBL_PAYMENT (pay_detail_id, sale_id, pay_status) VALUES ('PA053', 'SA053', '완료');
INSERT INTO TBL_PAYMENT (pay_detail_id, sale_id, pay_status) VALUES ('PA054', 'SA054', '완료');
INSERT INTO TBL_PAYMENT (pay_detail_id, sale_id, pay_status) VALUES ('PA055', 'SA055', '완료');
INSERT INTO TBL_PAYMENT (pay_detail_id, sale_id, pay_status) VALUES ('PA056', 'SA056', '완료');
INSERT INTO TBL_PAYMENT (pay_detail_id, sale_id, pay_status) VALUES ('PA057', 'SA057', '완료');
INSERT INTO TBL_PAYMENT (pay_detail_id, sale_id, pay_status) VALUES ('PA058', 'SA058', '완료');
INSERT INTO TBL_PAYMENT (pay_detail_id, sale_id, pay_status) VALUES ('PA059', 'SA059', '완료');
INSERT INTO TBL_PAYMENT (pay_detail_id, sale_id, pay_status) VALUES ('PA060', 'SA060', '완료');
INSERT INTO TBL_PAYMENT (pay_detail_id, sale_id, pay_status) VALUES ('PA061', 'SA061', '완료');
INSERT INTO TBL_PAYMENT (pay_detail_id, sale_id, pay_status) VALUES ('PA062', 'SA062', '완료');
INSERT INTO TBL_PAYMENT (pay_detail_id, sale_id, pay_status) VALUES ('PA063', 'SA063', '완료');
INSERT INTO TBL_PAYMENT (pay_detail_id, sale_id, pay_status) VALUES ('PA064', 'SA064', '완료');
INSERT INTO TBL_PAYMENT (pay_detail_id, sale_id, pay_status) VALUES ('PA065', 'SA065', '취소');
INSERT INTO TBL_PAYMENT (pay_detail_id, sale_id, pay_status) VALUES ('PA066', 'SA066', '완료');
INSERT INTO TBL_PAYMENT (pay_detail_id, sale_id, pay_status) VALUES ('PA067', 'SA067', '완료');
INSERT INTO TBL_PAYMENT (pay_detail_id, sale_id, pay_status) VALUES ('PA068', 'SA068', '완료');
INSERT INTO TBL_PAYMENT (pay_detail_id, sale_id, pay_status) VALUES ('PA069', 'SA069', '완료');
INSERT INTO TBL_PAYMENT (pay_detail_id, sale_id, pay_status) VALUES ('PA070', 'SA070', '완료');

-- TBL_PAYMENT_DETAIL

ALTER TABLE TBL_PAYMENT_DETAIL
MODIFY pay_method VARCHAR2(20 BYTE);

INSERT INTO TBL_PAYMENT_DETAIL (pay_detail_number, total_amt, total_discount, used_point, amt, pay_detail_id, pay_method) VALUES ('PAD001', 5200, 1000, 0, 4200, 'PA001', '신용카드');
INSERT INTO TBL_PAYMENT_DETAIL (pay_detail_number, total_amt, total_discount, used_point, amt, pay_detail_id, pay_method) VALUES ('PAD002', 1950, 0, 100, 1000, 'PA002', '신용카드');
INSERT INTO TBL_PAYMENT_DETAIL (pay_detail_number, total_amt, total_discount, used_point, amt, pay_detail_id, pay_method) VALUES ('PAD003', 1950, 0, 100, 850, 'PA002', '현금');
INSERT INTO TBL_PAYMENT_DETAIL (pay_detail_number, total_amt, total_discount, used_point, amt, pay_detail_id, pay_method) VALUES ('PAD004', 21000, 0, 0, 21000, 'PA003', '현금');
INSERT INTO TBL_PAYMENT_DETAIL (pay_detail_number, total_amt, total_discount, used_point, amt, pay_detail_id, pay_method) VALUES ('PAD005', 25800, 3900, 500, 15000, 'PA004', '신용카드');
INSERT INTO TBL_PAYMENT_DETAIL (pay_detail_number, total_amt, total_discount, used_point, amt, pay_detail_id, pay_method) VALUES ('PAD006', 25800, 3900, 500, 6400, 'PA004', '현금');
INSERT INTO TBL_PAYMENT_DETAIL (pay_detail_number, total_amt, total_discount, used_point, amt, pay_detail_id, pay_method) VALUES ('PAD007', 4200, 0, 0, 4200, 'PA005', '신용카드');
INSERT INTO TBL_PAYMENT_DETAIL (pay_detail_number, total_amt, total_discount, used_point, amt, pay_detail_id, pay_method) VALUES ('PAD008', 4950, 1000, 200, 2055, 'PA006', '신용카드');
INSERT INTO TBL_PAYMENT_DETAIL (pay_detail_number, total_amt, total_discount, used_point, amt, pay_detail_id, pay_method) VALUES ('PAD009', 4950, 1000, 200, 1695, 'PA006', '현금');
INSERT INTO TBL_PAYMENT_DETAIL (pay_detail_number, total_amt, total_discount, used_point, amt, pay_detail_id, pay_method) VALUES ('PAD010', 41850, 12900, 0, 28950, 'PA007', '현금');
INSERT INTO TBL_PAYMENT_DETAIL (pay_detail_number, total_amt, total_discount, used_point, amt, pay_detail_id, pay_method) VALUES ('PAD011', 11100, 0, 300, 5000, 'PA008', '신용카드');
INSERT INTO TBL_PAYMENT_DETAIL (pay_detail_number, total_amt, total_discount, used_point, amt, pay_detail_id, pay_method) VALUES ('PAD012', 11100, 0, 300, 5800, 'PA008', '현금');
INSERT INTO TBL_PAYMENT_DETAIL (pay_detail_number, total_amt, total_discount, used_point, amt, pay_detail_id, pay_method) VALUES ('PAD013', 17100, 0, 150, 16950, 'PA009', '신용카드');
INSERT INTO TBL_PAYMENT_DETAIL (pay_detail_number, total_amt, total_discount, used_point, amt, pay_detail_id, pay_method) VALUES ('PAD014', 4200, 1000, 0, 2000, 'PA010', '신용카드');
INSERT INTO TBL_PAYMENT_DETAIL (pay_detail_number, total_amt, total_discount, used_point, amt, pay_detail_id, pay_method) VALUES ('PAD015', 4200, 1000, 0, 1200, 'PA010', '현금');
INSERT INTO TBL_PAYMENT_DETAIL (pay_detail_number, total_amt, total_discount, used_point, amt, pay_detail_id, pay_method) VALUES ('PAD016', 2850, 0, 0, 2850, 'PA011', '현금');
INSERT INTO TBL_PAYMENT_DETAIL (pay_detail_number, total_amt, total_discount, used_point, amt, pay_detail_id, pay_method) VALUES ('PAD017', 17000, 4200, 0, 10000, 'PA012', '신용카드');
INSERT INTO TBL_PAYMENT_DETAIL (pay_detail_number, total_amt, total_discount, used_point, amt, pay_detail_id, pay_method) VALUES ('PAD018', 17000, 4200, 0, 2800, 'PA012', '현금');
INSERT INTO TBL_PAYMENT_DETAIL (pay_detail_number, total_amt, total_discount, used_point, amt, pay_detail_id, pay_method) VALUES ('PAD019', 18300, 0, 400, 17900, 'PA013', '신용카드');
INSERT INTO TBL_PAYMENT_DETAIL (pay_detail_number, total_amt, total_discount, used_point, amt, pay_detail_id, pay_method) VALUES ('PAD020', 7000, 2000, 100, 3000, 'PA014', '신용카드');
INSERT INTO TBL_PAYMENT_DETAIL (pay_detail_number, total_amt, total_discount, used_point, amt, pay_detail_id, pay_method) VALUES ('PAD021', 7000, 2000, 100, 1900, 'PA014', '현금');
INSERT INTO TBL_PAYMENT_DETAIL (pay_detail_number, total_amt, total_discount, used_point, amt, pay_detail_id, pay_method) VALUES ('PAD022', 3850, 0, 0, 3850, 'PA015', '현금');
INSERT INTO TBL_PAYMENT_DETAIL (pay_detail_number, total_amt, total_discount, used_point, amt, pay_detail_id, pay_method) VALUES ('PAD023', 45100, 13900, 1000, 20000, 'PA016', '신용카드');
INSERT INTO TBL_PAYMENT_DETAIL (pay_detail_number, total_amt, total_discount, used_point, amt, pay_detail_id, pay_method) VALUES ('PAD024', 45100, 13900, 1000, 10200, 'PA016', '현금');
INSERT INTO TBL_PAYMENT_DETAIL (pay_detail_number, total_amt, total_discount, used_point, amt, pay_detail_id, pay_method) VALUES ('PAD025', 7200, 0, 0, 7200, 'PA017', '신용카드');
INSERT INTO TBL_PAYMENT_DETAIL (pay_detail_number, total_amt, total_discount, used_point, amt, pay_detail_id, pay_method) VALUES ('PAD026', 17100, 1000, 250, 10000, 'PA018', '신용카드');
INSERT INTO TBL_PAYMENT_DETAIL (pay_detail_number, total_amt, total_discount, used_point, amt, pay_detail_id, pay_method) VALUES ('PAD027', 17100, 1000, 250, 5850, 'PA018', '현금');
INSERT INTO TBL_PAYMENT_DETAIL (pay_detail_number, total_amt, total_discount, used_point, amt, pay_detail_id, pay_method) VALUES ('PAD028', 16250, 0, 350, 15900, 'PA019', '현금');
INSERT INTO TBL_PAYMENT_DETAIL (pay_detail_number, total_amt, total_discount, used_point, amt, pay_detail_id, pay_method) VALUES ('PAD029', 2900, 0, 0, 2000, 'PA020', '신용카드');
INSERT INTO TBL_PAYMENT_DETAIL (pay_detail_number, total_amt, total_discount, used_point, amt, pay_detail_id, pay_method) VALUES ('PAD030', 2900, 0, 0, 900, 'PA020', '현금');
INSERT INTO TBL_PAYMENT_DETAIL (pay_detail_number, total_amt, total_discount, used_point, amt, pay_detail_id, pay_method) VALUES ('PAD031', 7600, 0, 450, 7150, 'PA021', '신용카드');
INSERT INTO TBL_PAYMENT_DETAIL (pay_detail_number, total_amt, total_discount, used_point, amt, pay_detail_id, pay_method) VALUES ('PAD032', 23000, 1000, 0, 15658, 'PA022', '신용카드');
INSERT INTO TBL_PAYMENT_DETAIL (pay_detail_number, total_amt, total_discount, used_point, amt, pay_detail_id, pay_method) VALUES ('PAD033', 23000, 1000, 0, 6342, 'PA022', '현금');
INSERT INTO TBL_PAYMENT_DETAIL (pay_detail_number, total_amt, total_discount, used_point, amt, pay_detail_id, pay_method) VALUES ('PAD034', 3950, 0, 200, 3750, 'PA023', '신용카드');
INSERT INTO TBL_PAYMENT_DETAIL (pay_detail_number, total_amt, total_discount, used_point, amt, pay_detail_id, pay_method) VALUES ('PAD035', 16050, 3900, 150, 12000, 'PA024', '현금');
INSERT INTO TBL_PAYMENT_DETAIL (pay_detail_number, total_amt, total_discount, used_point, amt, pay_detail_id, pay_method) VALUES ('PAD036', 13100, 0, 0, 8000, 'PA025', '신용카드');
INSERT INTO TBL_PAYMENT_DETAIL (pay_detail_number, total_amt, total_discount, used_point, amt, pay_detail_id, pay_method) VALUES ('PAD037', 13100, 0, 0, 5100, 'PA025', '현금');
INSERT INTO TBL_PAYMENT_DETAIL (pay_detail_number, total_amt, total_discount, used_point, amt, pay_detail_id, pay_method) VALUES ('PAD038', 22600, 0, 300, 22300, 'PA026', '신용카드');
INSERT INTO TBL_PAYMENT_DETAIL (pay_detail_number, total_amt, total_discount, used_point, amt, pay_detail_id, pay_method) VALUES ('PAD039', 5100, 1000, 0, 2448, 'PA027', '신용카드');
INSERT INTO TBL_PAYMENT_DETAIL (pay_detail_number, total_amt, total_discount, used_point, amt, pay_detail_id, pay_method) VALUES ('PAD040', 5100, 1000, 0, 1652, 'PA027', '현금');
INSERT INTO TBL_PAYMENT_DETAIL (pay_detail_number, total_amt, total_discount, used_point, amt, pay_detail_id, pay_method) VALUES ('PAD041', 3900, 0, 100, 3800, 'PA028', '현금');
INSERT INTO TBL_PAYMENT_DETAIL (pay_detail_number, total_amt, total_discount, used_point, amt, pay_detail_id, pay_method) VALUES ('PAD042', 19500, 0, 200, 14733, 'PA029', '신용카드');
INSERT INTO TBL_PAYMENT_DETAIL (pay_detail_number, total_amt, total_discount, used_point, amt, pay_detail_id, pay_method) VALUES ('PAD043', 19500, 0, 200, 4567, 'PA029', '현금');
INSERT INTO TBL_PAYMENT_DETAIL (pay_detail_number, total_amt, total_discount, used_point, amt, pay_detail_id, pay_method) VALUES ('PAD044', 22000, 4200, 0, 17800, 'PA030', '신용카드');
INSERT INTO TBL_PAYMENT_DETAIL (pay_detail_number, total_amt, total_discount, used_point, amt, pay_detail_id, pay_method) VALUES ('PAD045', 3850, 0, 100, 2027, 'PA031', '신용카드');
INSERT INTO TBL_PAYMENT_DETAIL (pay_detail_number, total_amt, total_discount, used_point, amt, pay_detail_id, pay_method) VALUES ('PAD046', 3850, 0, 100, 1723, 'PA031', '현금');
INSERT INTO TBL_PAYMENT_DETAIL (pay_detail_number, total_amt, total_discount, used_point, amt, pay_detail_id, pay_method) VALUES ('PAD047', 7200, 0, 150, 7050, 'PA032', '현금');
INSERT INTO TBL_PAYMENT_DETAIL (pay_detail_number, total_amt, total_discount, used_point, amt, pay_detail_id, pay_method) VALUES ('PAD048', 16100, 1000, 0, 10000, 'PA033', '신용카드');
INSERT INTO TBL_PAYMENT_DETAIL (pay_detail_number, total_amt, total_discount, used_point, amt, pay_detail_id, pay_method) VALUES ('PAD049', 16100, 1000, 0, 5100, 'PA033', '현금');
INSERT INTO TBL_PAYMENT_DETAIL (pay_detail_number, total_amt, total_discount, used_point, amt, pay_detail_id, pay_method) VALUES ('PAD050', 11250, 0, 200, 11050, 'PA034', '신용카드');
INSERT INTO TBL_PAYMENT_DETAIL (pay_detail_number, total_amt, total_discount, used_point, amt, pay_detail_id, pay_method) VALUES ('PAD051', 3850, 0, 0, 2175, 'PA035', '신용카드');
INSERT INTO TBL_PAYMENT_DETAIL (pay_detail_number, total_amt, total_discount, used_point, amt, pay_detail_id, pay_method) VALUES ('PAD052', 3850, 0, 0, 1675, 'PA035', '현금');
INSERT INTO TBL_PAYMENT_DETAIL (pay_detail_number, total_amt, total_discount, used_point, amt, pay_detail_id, pay_method) VALUES ('PAD053', 52300, 13900, 500, 37900, 'PA036', '현금');
INSERT INTO TBL_PAYMENT_DETAIL (pay_detail_number, total_amt, total_discount, used_point, amt, pay_detail_id, pay_method) VALUES ('PAD054', 22000, 0, 0, 19469, 'PA037', '신용카드');
INSERT INTO TBL_PAYMENT_DETAIL (pay_detail_number, total_amt, total_discount, used_point, amt, pay_detail_id, pay_method) VALUES ('PAD055', 22000, 0, 0, 2531, 'PA037', '현금');
INSERT INTO TBL_PAYMENT_DETAIL (pay_detail_number, total_amt, total_discount, used_point, amt, pay_detail_id, pay_method) VALUES ('PAD056', 4850, 1000, 150, 3700, 'PA038', '신용카드');
INSERT INTO TBL_PAYMENT_DETAIL (pay_detail_number, total_amt, total_discount, used_point, amt, pay_detail_id, pay_method) VALUES ('PAD057', 4350, 0, 0, 2000, 'PA039', '신용카드');
INSERT INTO TBL_PAYMENT_DETAIL (pay_detail_number, total_amt, total_discount, used_point, amt, pay_detail_id, pay_method) VALUES ('PAD058', 4350, 0, 0, 2350, 'PA039', '현금');
INSERT INTO TBL_PAYMENT_DETAIL (pay_detail_number, total_amt, total_discount, used_point, amt, pay_detail_id, pay_method) VALUES ('PAD059', 22500, 0, 300, 22200, 'PA040', '현금');
INSERT INTO TBL_PAYMENT_DETAIL (pay_detail_number, total_amt, total_discount, used_point, amt, pay_detail_id, pay_method) VALUES ('PAD060', 41700, 12900, 800, 18065, 'PA041', '신용카드');
INSERT INTO TBL_PAYMENT_DETAIL (pay_detail_number, total_amt, total_discount, used_point, amt, pay_detail_id, pay_method) VALUES ('PAD061', 41700, 12900, 800, 9935, 'PA041', '현금');
INSERT INTO TBL_PAYMENT_DETAIL (pay_detail_number, total_amt, total_discount, used_point, amt, pay_detail_id, pay_method) VALUES ('PAD062', 5050, 0, 0, 5050, 'PA042', '신용카드');
INSERT INTO TBL_PAYMENT_DETAIL (pay_detail_number, total_amt, total_discount, used_point, amt, pay_detail_id, pay_method) VALUES ('PAD063', 22500, 0, 200, 15068, 'PA043', '신용카드');
INSERT INTO TBL_PAYMENT_DETAIL (pay_detail_number, total_amt, total_discount, used_point, amt, pay_detail_id, pay_method) VALUES ('PAD064', 22500, 0, 200, 7232, 'PA043', '현금');
INSERT INTO TBL_PAYMENT_DETAIL (pay_detail_number, total_amt, total_discount, used_point, amt, pay_detail_id, pay_method) VALUES ('PAD065', 5000, 1000, 0, 4000, 'PA044', '현금');
INSERT INTO TBL_PAYMENT_DETAIL (pay_detail_number, total_amt, total_discount, used_point, amt, pay_detail_id, pay_method) VALUES ('PAD066', 6800, 0, 150, 4000, 'PA045', '신용카드');
INSERT INTO TBL_PAYMENT_DETAIL (pay_detail_number, total_amt, total_discount, used_point, amt, pay_detail_id, pay_method) VALUES ('PAD067', 6800, 0, 150, 2650, 'PA045', '현금');
INSERT INTO TBL_PAYMENT_DETAIL (pay_detail_number, total_amt, total_discount, used_point, amt, pay_detail_id, pay_method) VALUES ('PAD068', 4100, 0, 100, 4000, 'PA046', '신용카드');
INSERT INTO TBL_PAYMENT_DETAIL (pay_detail_number, total_amt, total_discount, used_point, amt, pay_detail_id, pay_method) VALUES ('PAD069', 19500, 0, 0, 10000, 'PA047', '신용카드');
INSERT INTO TBL_PAYMENT_DETAIL (pay_detail_number, total_amt, total_discount, used_point, amt, pay_detail_id, pay_method) VALUES ('PAD070', 19500, 0, 0, 9500, 'PA047', '현금');
INSERT INTO TBL_PAYMENT_DETAIL (pay_detail_number, total_amt, total_discount, used_point, amt, pay_detail_id, pay_method) VALUES ('PAD071', 22750, 4200, 300, 18250, 'PA048', '현금');
INSERT INTO TBL_PAYMENT_DETAIL (pay_detail_number, total_amt, total_discount, used_point, amt, pay_detail_id, pay_method) VALUES ('PAD072', 4100, 0, 0, 2000, 'PA049', '신용카드');
INSERT INTO TBL_PAYMENT_DETAIL (pay_detail_number, total_amt, total_discount, used_point, amt, pay_detail_id, pay_method) VALUES ('PAD073', 4100, 0, 0, 2100, 'PA049', '현금');
INSERT INTO TBL_PAYMENT_DETAIL (pay_detail_number, total_amt, total_discount, used_point, amt, pay_detail_id, pay_method) VALUES ('PAD074', 19500, 0, 400, 19100, 'PA050', '신용카드');
INSERT INTO TBL_PAYMENT_DETAIL (pay_detail_number, total_amt, total_discount, used_point, amt, pay_detail_id, pay_method) VALUES ('PAD075', 10200, 1000, 0, 5000, 'PA051', '신용카드');
INSERT INTO TBL_PAYMENT_DETAIL (pay_detail_number, total_amt, total_discount, used_point, amt, pay_detail_id, pay_method) VALUES ('PAD076', 10200, 1000, 0, 4200, 'PA051', '현금');
INSERT INTO TBL_PAYMENT_DETAIL (pay_detail_number, total_amt, total_discount, used_point, amt, pay_detail_id, pay_method) VALUES ('PAD077', 10850, 0, 200, 10650, 'PA052', '현금');
INSERT INTO TBL_PAYMENT_DETAIL (pay_detail_number, total_amt, total_discount, used_point, amt, pay_detail_id, pay_method) VALUES ('PAD078', 4050, 0, 0, 2000, 'PA053', '신용카드');
INSERT INTO TBL_PAYMENT_DETAIL (pay_detail_number, total_amt, total_discount, used_point, amt, pay_detail_id, pay_method) VALUES ('PAD079', 4050, 0, 0, 2050, 'PA053', '현금');
INSERT INTO TBL_PAYMENT_DETAIL (pay_detail_number, total_amt, total_discount, used_point, amt, pay_detail_id, pay_method) VALUES ('PAD080', 52100, 13900, 500, 37700, 'PA054', '현금');
INSERT INTO TBL_PAYMENT_DETAIL (pay_detail_number, total_amt, total_discount, used_point, amt, pay_detail_id, pay_method) VALUES ('PAD081', 22000, 0, 150, 15000, 'PA055', '신용카드');
INSERT INTO TBL_PAYMENT_DETAIL (pay_detail_number, total_amt, total_discount, used_point, amt, pay_detail_id, pay_method) VALUES ('PAD082', 22000, 0, 150, 6850, 'PA055', '현금');
INSERT INTO TBL_PAYMENT_DETAIL (pay_detail_number, total_amt, total_discount, used_point, amt, pay_detail_id, pay_method) VALUES ('PAD083', 4850, 1000, 0, 3850, 'PA056', '현금');
INSERT INTO TBL_PAYMENT_DETAIL (pay_detail_number, total_amt, total_discount, used_point, amt, pay_detail_id, pay_method) VALUES ('PAD084', 4350, 0, 0, 2000, 'PA057', '신용카드');
INSERT INTO TBL_PAYMENT_DETAIL (pay_detail_number, total_amt, total_discount, used_point, amt, pay_detail_id, pay_method) VALUES ('PAD085', 4350, 0, 0, 2350, 'PA057', '현금');
INSERT INTO TBL_PAYMENT_DETAIL (pay_detail_number, total_amt, total_discount, used_point, amt, pay_detail_id, pay_method) VALUES ('PAD086', 22500, 0, 300, 22200, 'PA058', '신용카드');
INSERT INTO TBL_PAYMENT_DETAIL (pay_detail_number, total_amt, total_discount, used_point, amt, pay_detail_id, pay_method) VALUES ('PAD087', 41700, 12900, 0, 18286, 'PA059', '신용카드');
INSERT INTO TBL_PAYMENT_DETAIL (pay_detail_number, total_amt, total_discount, used_point, amt, pay_detail_id, pay_method) VALUES ('PAD088', 41700, 12900, 0, 10514, 'PA059', '현금');
INSERT INTO TBL_PAYMENT_DETAIL (pay_detail_number, total_amt, total_discount, used_point, amt, pay_detail_id, pay_method) VALUES ('PAD089', 5050, 0, 100, 4950, 'PA060', '현금');
INSERT INTO TBL_PAYMENT_DETAIL (pay_detail_number, total_amt, total_discount, used_point, amt, pay_detail_id, pay_method) VALUES ('PAD090', 22500, 0, 200, 11615, 'PA061', '신용카드');
INSERT INTO TBL_PAYMENT_DETAIL (pay_detail_number, total_amt, total_discount, used_point, amt, pay_detail_id, pay_method) VALUES ('PAD091', 22500, 0, 200, 10685, 'PA061', '현금');
INSERT INTO TBL_PAYMENT_DETAIL (pay_detail_number, total_amt, total_discount, used_point, amt, pay_detail_id, pay_method) VALUES ('PAD092', 5000, 1000, 0, 4000, 'PA062', '신용카드');
INSERT INTO TBL_PAYMENT_DETAIL (pay_detail_number, total_amt, total_discount, used_point, amt, pay_detail_id, pay_method) VALUES ('PAD093', 6800, 0, 350, 4373, 'PA063', '신용카드');
INSERT INTO TBL_PAYMENT_DETAIL (pay_detail_number, total_amt, total_discount, used_point, amt, pay_detail_id, pay_method) VALUES ('PAD094', 6800, 0, 350, 2077, 'PA063', '현금');
INSERT INTO TBL_PAYMENT_DETAIL (pay_detail_number, total_amt, total_discount, used_point, amt, pay_detail_id, pay_method) VALUES ('PAD095', 4100, 0, 0, 4100, 'PA064', '현금');
INSERT INTO TBL_PAYMENT_DETAIL (pay_detail_number, total_amt, total_discount, used_point, amt, pay_detail_id, pay_method) VALUES ('PAD096', 19500, 0, 100, 8899, 'PA065', '신용카드');
INSERT INTO TBL_PAYMENT_DETAIL (pay_detail_number, total_amt, total_discount, used_point, amt, pay_detail_id, pay_method) VALUES ('PAD097', 19500, 0, 100, 10501, 'PA065', '현금');
INSERT INTO TBL_PAYMENT_DETAIL (pay_detail_number, total_amt, total_discount, used_point, amt, pay_detail_id, pay_method) VALUES ('PAD098', 22750, 4200, 400, 18150, 'PA066', '신용카드');
INSERT INTO TBL_PAYMENT_DETAIL (pay_detail_number, total_amt, total_discount, used_point, amt, pay_detail_id, pay_method) VALUES ('PAD099', 4100, 0, 0, 2412, 'PA067', '신용카드');
INSERT INTO TBL_PAYMENT_DETAIL (pay_detail_number, total_amt, total_discount, used_point, amt, pay_detail_id, pay_method) VALUES ('PAD100', 4100, 0, 0, 1688, 'PA067', '현금');

-- TBL_DISCARD
INSERT INTO TBL_DISCARD (discard_id, discard_date, staff_id) VALUES (1, TO_DATE('2026-06-29 01:05:00', 'YYYY-MM-DD HH24:MI:SS'), 'ST01');
INSERT INTO TBL_DISCARD (discard_id, discard_date, staff_id) VALUES (2, TO_DATE('2026-06-29 08:30:00', 'YYYY-MM-DD HH24:MI:SS'), 'ST02');
INSERT INTO TBL_DISCARD (discard_id, discard_date, staff_id) VALUES (3, TO_DATE('2026-06-29 15:10:00', 'YYYY-MM-DD HH24:MI:SS'), 'ST03');
INSERT INTO TBL_DISCARD (discard_id, discard_date, staff_id) VALUES (4, TO_DATE('2026-06-29 23:15:00', 'YYYY-MM-DD HH24:MI:SS'), 'ST04');
INSERT INTO TBL_DISCARD (discard_id, discard_date, staff_id) VALUES (5, TO_DATE('2026-06-30 01:00:00', 'YYYY-MM-DD HH24:MI:SS'), 'ST01');
INSERT INTO TBL_DISCARD (discard_id, discard_date, staff_id) VALUES (6, TO_DATE('2026-06-30 08:15:00', 'YYYY-MM-DD HH24:MI:SS'), 'ST02');
INSERT INTO TBL_DISCARD (discard_id, discard_date, staff_id) VALUES (7, TO_DATE('2026-06-30 15:05:00', 'YYYY-MM-DD HH24:MI:SS'), 'ST03');
INSERT INTO TBL_DISCARD (discard_id, discard_date, staff_id) VALUES (8, TO_DATE('2026-06-30 23:20:00', 'YYYY-MM-DD HH24:MI:SS'), 'ST04');
INSERT INTO TBL_DISCARD (discard_id, discard_date, staff_id) VALUES (9, TO_DATE('2026-07-01 01:10:00', 'YYYY-MM-DD HH24:MI:SS'), 'ST01');
INSERT INTO TBL_DISCARD (discard_id, discard_date, staff_id) VALUES (10, TO_DATE('2026-07-02 00:00:00', 'YYYY-MM-DD HH24:MI:SS'), 'ST03');
INSERT INTO TBL_DISCARD (discard_id, discard_date, staff_id) VALUES (11, TO_DATE('2026-07-01 23:00:00', 'YYYY-MM-DD HH24:MI:SS'), 'ST04');
INSERT INTO TBL_DISCARD (discard_id, discard_date, staff_id) VALUES (12, TO_DATE('2026-07-02 01:00:00', 'YYYY-MM-DD HH24:MI:SS'), 'ST01');
INSERT INTO TBL_DISCARD (discard_id, discard_date, staff_id) VALUES (13, TO_DATE('2026-07-02 08:45:00', 'YYYY-MM-DD HH24:MI:SS'), 'ST02');
INSERT INTO TBL_DISCARD (discard_id, discard_date, staff_id) VALUES (14, TO_DATE('2026-07-02 15:30:00', 'YYYY-MM-DD HH24:MI:SS'), 'ST03');
INSERT INTO TBL_DISCARD (discard_id, discard_date, staff_id) VALUES (15, TO_DATE('2026-07-02 23:10:00', 'YYYY-MM-DD HH24:MI:SS'), 'ST04');
INSERT INTO TBL_DISCARD (discard_id, discard_date, staff_id) VALUES (16, TO_DATE('2026-07-03 01:05:00', 'YYYY-MM-DD HH24:MI:SS'), 'ST01');
INSERT INTO TBL_DISCARD (discard_id, discard_date, staff_id) VALUES (17, TO_DATE('2026-07-03 15:15:00', 'YYYY-MM-DD HH24:MI:SS'), 'ST03');
INSERT INTO TBL_DISCARD (discard_id, discard_date, staff_id) VALUES (18, TO_DATE('2026-07-03 23:25:00', 'YYYY-MM-DD HH24:MI:SS'), 'ST04');
INSERT INTO TBL_DISCARD (discard_id, discard_date, staff_id) VALUES (19, TO_DATE('2026-07-04 01:00:00', 'YYYY-MM-DD HH24:MI:SS'), 'ST01');
INSERT INTO TBL_DISCARD (discard_id, discard_date, staff_id) VALUES (20, TO_DATE('2026-07-05 00:00:00', 'YYYY-MM-DD HH24:MI:SS'), 'ST03');
INSERT INTO TBL_DISCARD (discard_id, discard_date, staff_id) VALUES (21, TO_DATE('2026-07-04 23:05:00', 'YYYY-MM-DD HH24:MI:SS'), 'ST04');
INSERT INTO TBL_DISCARD (discard_id, discard_date, staff_id) VALUES (22, TO_DATE('2026-07-05 01:15:00', 'YYYY-MM-DD HH24:MI:SS'), 'ST01');
INSERT INTO TBL_DISCARD (discard_id, discard_date, staff_id) VALUES (23, TO_DATE('2026-07-05 08:20:00', 'YYYY-MM-DD HH24:MI:SS'), 'ST02');
INSERT INTO TBL_DISCARD (discard_id, discard_date, staff_id) VALUES (24, TO_DATE('2026-07-05 15:10:00', 'YYYY-MM-DD HH24:MI:SS'), 'ST03');
INSERT INTO TBL_DISCARD (discard_id, discard_date, staff_id) VALUES (25, TO_DATE('2026-07-05 23:30:00', 'YYYY-MM-DD HH24:MI:SS'), 'ST04');

-- TBL_DISCARD_DETAIL
INSERT INTO TBL_DISCARD_DETAIL (discard_detail_code, discard_id, product_code, discard_qty) VALUES ('DI001', 1, 'PR001', 2);
INSERT INTO TBL_DISCARD_DETAIL (discard_detail_code, discard_id, product_code, discard_qty) VALUES ('DI002', 1, 'PR003', 1);
INSERT INTO TBL_DISCARD_DETAIL (discard_detail_code, discard_id, product_code, discard_qty) VALUES ('DI003', 1, 'PR009', 3);
INSERT INTO TBL_DISCARD_DETAIL (discard_detail_code, discard_id, product_code, discard_qty) VALUES ('DI004', 2, 'PR002', 1);
INSERT INTO TBL_DISCARD_DETAIL (discard_detail_code, discard_id, product_code, discard_qty) VALUES ('DI005', 3, 'PR004', 2);
INSERT INTO TBL_DISCARD_DETAIL (discard_detail_code, discard_id, product_code, discard_qty) VALUES ('DI006', 3, 'PR005', 1);
INSERT INTO TBL_DISCARD_DETAIL (discard_detail_code, discard_id, product_code, discard_qty) VALUES ('DI007', 4, 'PR006', 1);
INSERT INTO TBL_DISCARD_DETAIL (discard_detail_code, discard_id, product_code, discard_qty) VALUES ('DI008', 5, 'PR011', 2);
INSERT INTO TBL_DISCARD_DETAIL (discard_detail_code, discard_id, product_code, discard_qty) VALUES ('DI009', 5, 'PR012', 1);
INSERT INTO TBL_DISCARD_DETAIL (discard_detail_code, discard_id, product_code, discard_qty) VALUES ('DI010', 5, 'PR015', 1);
INSERT INTO TBL_DISCARD_DETAIL (discard_detail_code, discard_id, product_code, discard_qty) VALUES ('DI011', 6, 'PR013', 3);
INSERT INTO TBL_DISCARD_DETAIL (discard_detail_code, discard_id, product_code, discard_qty) VALUES ('DI012', 7, 'PR014', 1);
INSERT INTO TBL_DISCARD_DETAIL (discard_detail_code, discard_id, product_code, discard_qty) VALUES ('DI013', 7, 'PR016', 2);
INSERT INTO TBL_DISCARD_DETAIL (discard_detail_code, discard_id, product_code, discard_qty) VALUES ('DI014', 8, 'PR017', 1);
INSERT INTO TBL_DISCARD_DETAIL (discard_detail_code, discard_id, product_code, discard_qty) VALUES ('DI015', 9, 'PR018', 2);
INSERT INTO TBL_DISCARD_DETAIL (discard_detail_code, discard_id, product_code, discard_qty) VALUES ('DI016', 9, 'PR019', 1);
INSERT INTO TBL_DISCARD_DETAIL (discard_detail_code, discard_id, product_code, discard_qty) VALUES ('DI017', 9, 'PR020', 1);
INSERT INTO TBL_DISCARD_DETAIL (discard_detail_code, discard_id, product_code, discard_qty) VALUES ('DI018', 10, 'PR001', 1);
INSERT INTO TBL_DISCARD_DETAIL (discard_detail_code, discard_id, product_code, discard_qty) VALUES ('DI019', 11, 'PR002', 2);
INSERT INTO TBL_DISCARD_DETAIL (discard_detail_code, discard_id, product_code, discard_qty) VALUES ('DI020', 11, 'PR003', 1);
INSERT INTO TBL_DISCARD_DETAIL (discard_detail_code, discard_id, product_code, discard_qty) VALUES ('DI021', 12, 'PR007', 1);
INSERT INTO TBL_DISCARD_DETAIL (discard_detail_code, discard_id, product_code, discard_qty) VALUES ('DI022', 12, 'PR008', 1);
INSERT INTO TBL_DISCARD_DETAIL (discard_detail_code, discard_id, product_code, discard_qty) VALUES ('DI023', 13, 'PR051', 1);
INSERT INTO TBL_DISCARD_DETAIL (discard_detail_code, discard_id, product_code, discard_qty) VALUES ('DI024', 14, 'PR052', 2);
INSERT INTO TBL_DISCARD_DETAIL (discard_detail_code, discard_id, product_code, discard_qty) VALUES ('DI025', 14, 'PR053', 1);
INSERT INTO TBL_DISCARD_DETAIL (discard_detail_code, discard_id, product_code, discard_qty) VALUES ('DI026', 15, 'PR054', 1);
INSERT INTO TBL_DISCARD_DETAIL (discard_detail_code, discard_id, product_code, discard_qty) VALUES ('DI027', 16, 'PR055', 2);
INSERT INTO TBL_DISCARD_DETAIL (discard_detail_code, discard_id, product_code, discard_qty) VALUES ('DI028', 16, 'PR071', 1);
INSERT INTO TBL_DISCARD_DETAIL (discard_detail_code, discard_id, product_code, discard_qty) VALUES ('DI029', 17, 'PR072', 1);
INSERT INTO TBL_DISCARD_DETAIL (discard_detail_code, discard_id, product_code, discard_qty) VALUES ('DI030', 17, 'PR073', 1);
INSERT INTO TBL_DISCARD_DETAIL (discard_detail_code, discard_id, product_code, discard_qty) VALUES ('DI031', 18, 'PR074', 2);
INSERT INTO TBL_DISCARD_DETAIL (discard_detail_code, discard_id, product_code, discard_qty) VALUES ('DI032', 19, 'PR075', 1);
INSERT INTO TBL_DISCARD_DETAIL (discard_detail_code, discard_id, product_code, discard_qty) VALUES ('DI033', 19, 'PR001', 2);
INSERT INTO TBL_DISCARD_DETAIL (discard_detail_code, discard_id, product_code, discard_qty) VALUES ('DI034', 20, 'PR002', 1);
INSERT INTO TBL_DISCARD_DETAIL (discard_detail_code, discard_id, product_code, discard_qty) VALUES ('DI035', 20, 'PR003', 1);
INSERT INTO TBL_DISCARD_DETAIL (discard_detail_code, discard_id, product_code, discard_qty) VALUES ('DI036', 21, 'PR004', 3);
INSERT INTO TBL_DISCARD_DETAIL (discard_detail_code, discard_id, product_code, discard_qty) VALUES ('DI037', 22, 'PR005', 1);
INSERT INTO TBL_DISCARD_DETAIL (discard_detail_code, discard_id, product_code, discard_qty) VALUES ('DI038', 22, 'PR009', 2);
INSERT INTO TBL_DISCARD_DETAIL (discard_detail_code, discard_id, product_code, discard_qty) VALUES ('DI039', 22, 'PR011', 1);
INSERT INTO TBL_DISCARD_DETAIL (discard_detail_code, discard_id, product_code, discard_qty) VALUES ('DI040', 23, 'PR012', 1);
INSERT INTO TBL_DISCARD_DETAIL (discard_detail_code, discard_id, product_code, discard_qty) VALUES ('DI041', 24, 'PR013', 2);
INSERT INTO TBL_DISCARD_DETAIL (discard_detail_code, discard_id, product_code, discard_qty) VALUES ('DI042', 24, 'PR014', 1);
INSERT INTO TBL_DISCARD_DETAIL (discard_detail_code, discard_id, product_code, discard_qty) VALUES ('DI043', 25, 'PR016', 1);
INSERT INTO TBL_DISCARD_DETAIL (discard_detail_code, discard_id, product_code, discard_qty) VALUES ('DI044', 25, 'PR017', 2);
INSERT INTO TBL_DISCARD_DETAIL (discard_detail_code, discard_id, product_code, discard_qty) VALUES ('DI045', 1, 'PR002', 1);
INSERT INTO TBL_DISCARD_DETAIL (discard_detail_code, discard_id, product_code, discard_qty) VALUES ('DI046', 3, 'PR008', 1);
INSERT INTO TBL_DISCARD_DETAIL (discard_detail_code, discard_id, product_code, discard_qty) VALUES ('DI047', 4, 'PR010', 2);
INSERT INTO TBL_DISCARD_DETAIL (discard_detail_code, discard_id, product_code, discard_qty) VALUES ('DI048', 5, 'PR019', 1);
INSERT INTO TBL_DISCARD_DETAIL (discard_detail_code, discard_id, product_code, discard_qty) VALUES ('DI049', 7, 'PR001', 1);
INSERT INTO TBL_DISCARD_DETAIL (discard_detail_code, discard_id, product_code, discard_qty) VALUES ('DI050', 8, 'PR003', 1);
INSERT INTO TBL_DISCARD_DETAIL (discard_detail_code, discard_id, product_code, discard_qty) VALUES ('DI051', 9, 'PR005', 2);
INSERT INTO TBL_DISCARD_DETAIL (discard_detail_code, discard_id, product_code, discard_qty) VALUES ('DI052', 11, 'PR007', 1);
INSERT INTO TBL_DISCARD_DETAIL (discard_detail_code, discard_id, product_code, discard_qty) VALUES ('DI053', 13, 'PR053', 1);
INSERT INTO TBL_DISCARD_DETAIL (discard_detail_code, discard_id, product_code, discard_qty) VALUES ('DI054', 15, 'PR055', 1);
INSERT INTO TBL_DISCARD_DETAIL (discard_detail_code, discard_id, product_code, discard_qty) VALUES ('DI055', 16, 'PR073', 2);
INSERT INTO TBL_DISCARD_DETAIL (discard_detail_code, discard_id, product_code, discard_qty) VALUES ('DI056', 18, 'PR075', 1);
INSERT INTO TBL_DISCARD_DETAIL (discard_detail_code, discard_id, product_code, discard_qty) VALUES ('DI057', 21, 'PR002', 1);
INSERT INTO TBL_DISCARD_DETAIL (discard_detail_code, discard_id, product_code, discard_qty) VALUES ('DI058', 22, 'PR006', 1);
INSERT INTO TBL_DISCARD_DETAIL (discard_detail_code, discard_id, product_code, discard_qty) VALUES ('DI059', 24, 'PR015', 2);
INSERT INTO TBL_DISCARD_DETAIL (discard_detail_code, discard_id, product_code, discard_qty) VALUES ('DI060', 25, 'PR018', 1);

-- TBL_SETTLEMENT
INSERT INTO TBL_SETTLEMENT (settle_id, staff_id, settle_date, settle_cash, real_cash, diff_amt) VALUES ('SE001', 'ST03', TO_DATE('2026-06-30 00:00:00', 'YYYY-MM-DD HH24:MI:SS'), 154300, 154300, 0);
INSERT INTO TBL_SETTLEMENT (settle_id, staff_id, settle_date, settle_cash, real_cash, diff_amt) VALUES ('SE002', 'ST04', TO_DATE('2026-06-29 22:00:00', 'YYYY-MM-DD HH24:MI:SS'), 245000, 244500, -500);
INSERT INTO TBL_SETTLEMENT (settle_id, staff_id, settle_date, settle_cash, real_cash, diff_amt) VALUES ('SE003', 'ST01', TO_DATE('2026-06-30 01:00:00', 'YYYY-MM-DD HH24:MI:SS'), 89000, 89000, 0);
INSERT INTO TBL_SETTLEMENT (settle_id, staff_id, settle_date, settle_cash, real_cash, diff_amt) VALUES ('SE004', 'ST02', TO_DATE('2026-06-30 09:00:00', 'YYYY-MM-DD HH24:MI:SS'), 50000, 50000, 0);
INSERT INTO TBL_SETTLEMENT (settle_id, staff_id, settle_date, settle_cash, real_cash, diff_amt) VALUES ('SE005', 'ST03', TO_DATE('2026-07-01 00:00:00', 'YYYY-MM-DD HH24:MI:SS'), 182400, 183400, 1000);
INSERT INTO TBL_SETTLEMENT (settle_id, staff_id, settle_date, settle_cash, real_cash, diff_amt) VALUES ('SE006', 'ST04', TO_DATE('2026-06-30 22:00:00', 'YYYY-MM-DD HH24:MI:SS'), 312000, 312000, 0);
INSERT INTO TBL_SETTLEMENT (settle_id, staff_id, settle_date, settle_cash, real_cash, diff_amt) VALUES ('SE007', 'ST01', TO_DATE('2026-07-01 01:00:00', 'YYYY-MM-DD HH24:MI:SS'), 125000, 125000, 0);
INSERT INTO TBL_SETTLEMENT (settle_id, staff_id, settle_date, settle_cash, real_cash, diff_amt) VALUES ('SE008', 'ST03', TO_DATE('2026-07-02 00:00:00', 'YYYY-MM-DD HH24:MI:SS'), 143500, 143000, -500);
INSERT INTO TBL_SETTLEMENT (settle_id, staff_id, settle_date, settle_cash, real_cash, diff_amt) VALUES ('SE009', 'ST04', TO_DATE('2026-07-01 22:00:00', 'YYYY-MM-DD HH24:MI:SS'), 298000, 298000, 0);
INSERT INTO TBL_SETTLEMENT (settle_id, staff_id, settle_date, settle_cash, real_cash, diff_amt) VALUES ('SE010', 'ST01', TO_DATE('2026-07-02 01:00:00', 'YYYY-MM-DD HH24:MI:SS'), 76000, 76200, 200);
INSERT INTO TBL_SETTLEMENT (settle_id, staff_id, settle_date, settle_cash, real_cash, diff_amt) VALUES ('SE011', 'ST02', TO_DATE('2026-07-02 09:00:00', 'YYYY-MM-DD HH24:MI:SS'), 50000, 50000, 0);
INSERT INTO TBL_SETTLEMENT (settle_id, staff_id, settle_date, settle_cash, real_cash, diff_amt) VALUES ('SE012', 'ST03', TO_DATE('2026-07-03 00:00:00', 'YYYY-MM-DD HH24:MI:SS'), 165000, 165000, 0);
INSERT INTO TBL_SETTLEMENT (settle_id, staff_id, settle_date, settle_cash, real_cash, diff_amt) VALUES ('SE013', 'ST04', TO_DATE('2026-07-02 22:00:00', 'YYYY-MM-DD HH24:MI:SS'), 210000, 209000, -1000);
INSERT INTO TBL_SETTLEMENT (settle_id, staff_id, settle_date, settle_cash, real_cash, diff_amt) VALUES ('SE014', 'ST01', TO_DATE('2026-07-03 01:00:00', 'YYYY-MM-DD HH24:MI:SS'), 93000, 93000, 0);
INSERT INTO TBL_SETTLEMENT (settle_id, staff_id, settle_date, settle_cash, real_cash, diff_amt) VALUES ('SE015', 'ST03', TO_DATE('2026-07-04 00:00:00', 'YYYY-MM-DD HH24:MI:SS'), 138000, 138000, 0);
INSERT INTO TBL_SETTLEMENT (settle_id, staff_id, settle_date, settle_cash, real_cash, diff_amt) VALUES ('SE016', 'ST04', TO_DATE('2026-07-03 22:00:00', 'YYYY-MM-DD HH24:MI:SS'), 185500, 185500, 0);
INSERT INTO TBL_SETTLEMENT (settle_id, staff_id, settle_date, settle_cash, real_cash, diff_amt) VALUES ('SE017', 'ST01', TO_DATE('2026-07-04 01:00:00', 'YYYY-MM-DD HH24:MI:SS'), 62000, 61500, -500);
INSERT INTO TBL_SETTLEMENT (settle_id, staff_id, settle_date, settle_cash, real_cash, diff_amt) VALUES ('SE018', 'ST03', TO_DATE('2026-07-05 00:00:00', 'YYYY-MM-DD HH24:MI:SS'), 149000, 149000, 0);
INSERT INTO TBL_SETTLEMENT (settle_id, staff_id, settle_date, settle_cash, real_cash, diff_amt) VALUES ('SE019', 'ST04', TO_DATE('2026-07-04 22:00:00', 'YYYY-MM-DD HH24:MI:SS'), 223000, 223500, 500);
INSERT INTO TBL_SETTLEMENT (settle_id, staff_id, settle_date, settle_cash, real_cash, diff_amt) VALUES ('SE020', 'ST01', TO_DATE('2026-07-05 01:00:00', 'YYYY-MM-DD HH24:MI:SS'), 105000, 105000, 0);

COMMIT;




